person_id,credit_score,nn_pred,nn_prob,account_amount,duration,credit_history,credit_purpose,credit_amount,savings_amount,employment_length,installment_rate,other_debtors,residence_length,property,age,installment_plans,housing,existing_credits,job,dependents,telephone,foreign_worker,personal_status,sex
0,1.0,True,0.516868,0,18.0,2,4,3190.0,0,2,1,0,1,0,24.0,2,1,0,2,0,0,0,0,0
1,0.0,True,0.5250759,0,18.0,2,0,4380.0,1,2,2,0,3,2,35.0,2,1,0,1,1,1,0,1,1
2,0.0,False,0.41916302,0,24.0,1,0,2325.0,1,3,1,0,2,2,32.0,0,1,0,2,0,0,0,1,1
3,0.0,False,0.06692083,2,12.0,2,4,1297.0,0,2,2,0,3,0,23.0,2,0,0,2,0,0,0,0,1
4,0.0,False,0.43250805,3,33.0,4,1,7253.0,0,3,2,0,1,2,35.0,2,1,1,3,0,1,0,1,1
5,0.0,False,0.18667178,0,24.0,2,4,2384.0,0,4,3,0,3,0,64.0,0,0,0,1,0,0,0,1,1
6,0.0,False,0.051217046,2,6.0,2,3,2116.0,0,2,1,0,1,0,41.0,2,1,0,2,0,1,0,1,1
7,0.0,False,0.04721925,1,12.0,3,4,585.0,0,2,3,1,3,0,20.0,2,0,1,2,0,0,0,0,1
8,0.0,False,0.077689566,3,9.0,2,0,3577.0,1,2,0,2,1,0,26.0,2,0,0,2,1,0,1,1,1
9,0.0,False,0.27302665,3,27.0,3,1,8613.0,3,2,1,0,1,2,27.0,2,1,1,2,0,0,0,1,1
10,0.0,False,0.034687955,1,6.0,2,4,484.0,0,3,2,2,2,0,28.0,0,1,0,1,0,0,0,0,1
11,1.0,True,0.83955586,0,42.0,2,4,3965.0,0,1,3,0,2,2,34.0,2,1,0,2,0,0,0,1,1
12,0.0,False,0.049291685,3,24.0,2,4,1376.0,2,3,3,0,0,2,28.0,2,1,0,2,0,0,0,0,0
13,1.0,True,0.9727633,0,60.0,2,9,7297.0,0,4,3,1,3,3,36.0,2,0,0,2,0,0,0,1,1
14,1.0,True,0.9349702,1,60.0,2,7,6288.0,0,2,3,0,3,3,42.0,2,2,0,2,0,0,0,1,1
15,1.0,True,0.5803748,0,18.0,2,3,4153.0,0,2,1,1,2,2,42.0,2,1,0,2,0,0,0,1,1
16,0.0,False,0.047789667,3,15.0,4,1,3368.0,3,4,2,0,3,3,23.0,2,0,1,2,0,1,0,1,1
17,0.0,False,0.052518934,3,18.0,4,4,1098.0,0,0,3,0,3,2,65.0,2,1,1,0,0,0,0,0,0
18,1.0,False,0.2645703,0,18.0,4,3,2124.0,0,2,3,0,3,0,24.0,2,0,1,2,0,0,0,0,0
19,0.0,False,0.4299642,0,15.0,3,3,3643.0,0,4,0,0,3,1,27.0,2,1,1,1,0,0,0,0,0
20,0.0,False,0.19969383,3,48.0,4,1,8858.0,4,3,1,0,0,3,35.0,2,2,1,2,0,1,0,1,1
21,1.0,False,0.3971042,0,21.0,3,7,3414.0,0,1,1,0,0,1,26.0,2,1,1,2,0,0,0,1,1
22,0.0,False,0.2578693,3,18.0,4,4,6070.0,0,4,2,0,3,2,33.0,2,1,1,2,0,1,0,1,1
23,0.0,False,0.021088986,3,4.0,4,4,1503.0,0,3,1,0,0,0,42.0,2,1,1,1,1,0,0,1,1
24,0.0,False,0.024749257,3,9.0,4,4,3074.0,4,2,0,0,1,0,33.0,2,1,1,2,1,0,0,1,1
25,1.0,True,0.5659113,0,24.0,2,4,1823.0,0,0,3,0,1,2,30.0,1,1,0,3,1,0,0,1,1
26,0.0,False,0.48981175,1,36.0,2,4,2323.0,0,3,3,0,3,2,24.0,2,0,0,2,0,0,0,1,1
27,0.0,True,0.9092597,2,42.0,0,9,6289.0,0,1,1,0,0,1,33.0,2,1,1,2,0,0,0,0,1
28,0.0,False,0.2575991,3,36.0,4,1,10477.0,4,4,1,0,3,3,42.0,2,2,1,2,0,0,0,1,1
29,0.0,False,0.038035378,3,12.0,2,0,2859.0,4,0,3,0,3,3,38.0,2,1,0,3,0,1,0,1,1
30,0.0,False,0.042214174,1,13.0,4,4,882.0,0,1,3,2,3,0,23.0,2,1,1,2,0,0,0,1,1
31,0.0,False,0.043408558,2,12.0,2,4,1881.0,0,2,1,0,1,2,44.0,2,0,0,1,0,1,0,0,0
32,1.0,False,0.04669779,3,18.0,4,0,1530.0,0,2,2,0,1,1,32.0,0,1,1,2,0,0,0,1,1
33,0.0,False,0.062670216,2,6.0,4,0,1323.0,1,4,1,0,3,2,28.0,2,1,1,2,1,1,0,0,1
34,0.0,False,0.07584389,3,36.0,2,0,3079.0,4,2,3,0,3,0,36.0,2,1,0,2,0,0,0,1,1
35,0.0,False,0.0841594,1,24.0,2,1,2760.0,4,4,3,0,3,3,36.0,0,2,0,2,0,1,0,1,1
36,0.0,False,0.30381736,1,36.0,3,0,2862.0,1,4,3,0,2,3,30.0,2,2,0,2,0,0,0,1,1
37,0.0,False,0.024171835,3,12.0,2,0,2133.0,4,4,3,0,3,3,52.0,2,2,0,3,0,1,0,0,0
38,0.0,False,0.044095367,3,20.0,4,0,3485.0,4,1,1,0,3,0,44.0,2,1,1,2,0,1,0,0,1
39,1.0,True,0.83844477,0,36.0,4,3,6229.0,0,1,3,1,3,3,23.0,2,0,1,1,0,1,0,0,0
40,0.0,True,0.6633751,2,36.0,2,4,4473.0,0,4,3,0,1,2,31.0,2,1,0,2,0,0,0,1,1
41,0.0,False,0.016597388,3,12.0,4,7,2012.0,4,3,3,0,1,2,61.0,2,1,0,2,0,0,0,0,0
42,0.0,False,0.46154872,2,24.0,2,3,3749.0,0,1,1,0,3,2,26.0,2,1,0,2,0,0,0,0,0
43,0.0,False,0.08614374,3,30.0,4,4,2831.0,0,2,3,0,1,2,33.0,2,1,0,2,0,1,0,0,0
44,0.0,False,0.06028472,1,21.0,4,3,2745.0,3,3,2,0,1,2,32.0,2,1,1,2,0,1,0,1,1
45,0.0,False,0.050088763,0,12.0,2,3,1262.0,4,4,1,0,3,1,49.0,2,1,0,1,0,1,0,0,1
46,1.0,True,0.88342834,0,24.0,1,3,6872.0,0,1,1,0,0,1,55.0,0,1,0,2,0,1,0,0,1
47,1.0,False,0.06133553,1,9.0,2,3,918.0,0,2,3,0,0,1,30.0,2,1,0,2,0,0,0,0,0
48,1.0,False,0.02907746,2,12.0,1,9,609.0,0,1,3,0,0,0,26.0,2,1,0,0,0,0,0,0,0
49,0.0,False,0.036092907,3,4.0,2,3,601.0,0,1,0,0,2,0,23.0,2,0,0,1,1,0,0,0,0
50,1.0,True,0.6942837,0,24.0,2,3,3234.0,0,1,3,0,3,0,23.0,2,0,0,1,0,1,0,0,0
51,0.0,False,0.14278932,3,30.0,4,4,6742.0,4,3,1,0,2,1,36.0,2,1,1,2,0,0,0,1,1
52,0.0,False,0.42454395,0,24.0,2,4,1603.0,0,4,3,0,3,2,55.0,2,1,0,2,0,0,0,0,0
53,1.0,False,0.47624585,1,36.0,4,0,2820.0,0,1,3,0,3,2,27.0,2,1,1,2,0,0,0,0,1
54,0.0,False,0.051038228,1,12.0,4,1,1804.0,1,1,2,0,3,1,44.0,2,1,0,2,0,0,0,1,1
55,0.0,False,0.054663155,1,18.0,2,9,1913.0,3,1,2,0,2,0,36.0,0,1,0,2,0,1,0,0,1
56,0.0,False,0.25034302,0,6.0,4,0,3676.0,0,2,0,0,2,0,37.0,2,0,2,2,1,0,0,1,1
57,1.0,False,0.15049548,1,12.0,2,0,1295.0,0,1,2,0,0,2,25.0,2,0,0,2,0,0,0,0,0
58,0.0,False,0.14010029,0,12.0,2,7,1200.0,4,2,3,0,3,1,23.0,0,0,0,2,0,1,0,0,0
59,0.0,False,0.043960597,3,12.0,2,0,1101.0,0,2,2,0,1,0,27.0,2,1,1,2,0,1,0,0,1
60,0.0,False,0.10735551,3,12.0,2,1,4675.0,4,1,0,0,3,2,20.0,2,0,0,2,0,0,0,0,0
61,1.0,True,0.63804764,1,36.0,3,0,2225.0,0,4,3,0,3,3,57.0,0,2,1,2,0,1,0,1,1
62,1.0,True,0.61125445,0,30.0,2,3,6350.0,4,4,3,0,3,1,31.0,2,1,0,2,0,0,0,1,1
63,0.0,False,0.013760616,3,12.0,2,1,1413.0,3,3,2,0,1,1,55.0,2,1,0,2,0,0,1,1,1
64,0.0,False,0.10437543,2,10.0,2,3,1275.0,0,1,3,0,1,1,23.0,2,1,0,2,0,0,0,0,0
65,0.0,False,0.23601031,1,24.0,2,4,2896.0,1,1,1,0,0,2,29.0,2,1,0,2,0,0,0,1,1
66,0.0,False,0.034062155,3,21.0,2,3,2241.0,0,4,3,0,1,0,50.0,2,1,1,2,0,0,0,1,1
67,0.0,False,0.49786398,0,18.0,2,4,2389.0,0,1,3,0,0,2,27.0,1,1,0,2,0,0,0,0,0
68,0.0,True,0.69645023,3,36.0,2,1,8133.0,0,2,0,0,1,1,30.0,0,1,0,2,0,0,0,0,0
69,1.0,False,0.12079587,2,18.0,2,3,2864.0,0,2,1,0,0,0,34.0,2,1,0,1,1,0,0,1,1
70,0.0,True,0.536138,1,12.0,2,0,6078.0,0,3,1,0,1,2,32.0,2,1,0,2,0,0,0,1,1
71,0.0,False,0.0013544584,1,6.0,2,4,368.0,4,4,3,0,3,1,38.0,2,1,0,2,0,0,0,1,1
72,0.0,False,0.00023192048,0,12.0,4,4,385.0,0,3,3,0,2,0,58.0,2,1,3,1,0,1,0,0,0
73,0.0,False,0.12386562,1,10.0,1,4,1048.0,0,2,3,0,3,0,23.0,1,1,0,1,0,0,0,1,1
74,0.0,True,0.65946764,0,24.0,4,1,6419.0,0,4,1,0,3,3,44.0,2,2,1,3,1,1,0,0,0
75,1.0,False,0.46436793,0,24.0,3,4,1024.0,0,1,3,0,3,0,48.0,1,1,0,2,0,0,0,0,1
76,1.0,False,0.14924552,0,24.0,2,0,2303.0,0,4,3,1,0,0,45.0,2,1,0,2,0,0,0,1,1
77,0.0,False,0.057189707,1,9.0,2,4,458.0,0,2,3,0,2,0,24.0,2,1,0,2,0,0,0,1,1
78,1.0,False,0.03856682,0,12.0,4,3,2246.0,0,4,2,0,2,1,60.0,2,1,1,2,0,0,0,1,1
79,1.0,True,0.52505213,0,12.0,2,4,727.0,1,1,3,0,2,3,33.0,2,1,0,1,0,1,0,0,1
80,0.0,False,0.05178993,3,18.0,2,4,1453.0,0,1,2,0,0,0,26.0,2,1,0,2,0,0,0,0,0
81,0.0,False,0.1323651,3,12.0,2,4,2171.0,0,1,1,0,1,2,29.0,0,1,0,2,0,0,0,0,0
82,0.0,False,0.060698554,3,9.0,2,4,2697.0,0,2,0,0,1,0,32.0,2,1,0,2,1,0,0,1,1
83,0.0,False,0.086374715,1,12.0,2,0,1007.0,3,2,3,0,0,0,22.0,2,1,0,2,0,0,0,0,1
84,0.0,False,0.014648622,3,12.0,4,7,701.0,0,2,3,0,1,2,32.0,2,1,1,2,0,0,0,1,1
85,1.0,True,0.5114197,0,12.0,1,4,626.0,0,2,3,0,3,0,24.0,0,1,0,1,0,0,0,0,0
86,1.0,True,0.968797,0,45.0,2,4,1845.0,0,2,3,0,3,3,23.0,2,2,0,2,0,1,0,1,1
87,1.0,True,0.9227817,1,60.0,2,0,14027.0,0,3,3,0,1,3,27.0,2,1,0,3,0,1,0,1,1
88,0.0,True,0.51365995,3,30.0,4,4,5771.0,0,3,3,0,1,2,25.0,2,1,1,2,0,0,0,0,0
89,0.0,False,0.08692566,3,24.0,2,0,1525.0,3,3,3,0,2,2,34.0,2,1,0,2,1,1,0,0,0
90,0.0,False,0.06439758,3,22.0,2,0,1283.0,4,3,3,0,3,1,25.0,2,0,0,2,0,0,0,0,0
91,0.0,False,0.021581935,3,6.0,2,4,518.0,0,2,2,0,0,0,29.0,2,1,0,2,0,0,0,0,0
92,1.0,True,0.9618815,0,48.0,0,3,7119.0,0,2,2,0,3,3,53.0,2,2,1,2,1,0,0,1,1
93,0.0,True,0.58592355,0,24.0,2,3,3021.0,0,2,1,0,1,0,24.0,2,0,0,1,0,0,0,0,1
94,0.0,False,0.046679836,3,48.0,4,1,2751.0,4,4,3,0,2,2,38.0,2,1,1,2,1,1,0,1,1
95,0.0,False,0.022691783,3,6.0,2,6,660.0,2,3,1,0,3,0,23.0,2,0,0,1,0,0,0,0,1
96,0.0,False,0.09745941,3,24.0,4,0,2463.0,1,3,3,0,2,1,27.0,2,1,1,2,0,1,0,0,1
97,0.0,False,0.2626111,0,18.0,2,0,2249.0,1,3,3,0,2,2,30.0,2,1,0,3,1,1,0,1,1
98,1.0,True,0.9310801,1,48.0,0,9,14421.0,0,2,1,0,1,2,25.0,2,1,0,2,0,1,0,1,1
99,1.0,True,0.5267253,0,18.0,4,0,3966.0,0,4,0,0,3,0,33.0,0,0,2,2,0,1,0,0,0
100,0.0,False,0.030365996,3,30.0,4,4,3077.0,4,4,2,0,1,2,40.0,2,1,1,2,1,1,0,1,1
101,1.0,False,0.04357992,1,9.0,2,3,959.0,0,2,0,0,1,2,29.0,2,1,0,2,0,0,1,0,0
102,1.0,False,0.032910604,2,9.0,2,4,745.0,0,2,2,0,1,0,28.0,2,1,0,1,0,0,0,0,0
103,0.0,False,0.0628386,3,24.0,4,4,2684.0,0,2,3,0,1,0,35.0,2,1,1,1,0,0,0,1,1
104,0.0,False,0.027066765,3,12.0,2,7,1393.0,0,4,3,0,3,1,47.0,0,1,2,2,1,1,0,1,1
105,0.0,False,0.08351817,0,18.0,4,4,1880.0,0,3,3,0,0,1,32.0,2,1,1,3,0,1,0,0,1
106,0.0,False,0.03738415,1,9.0,2,7,1199.0,0,3,3,0,3,1,67.0,2,1,1,3,0,1,0,0,0
107,0.0,False,0.23891495,1,24.0,2,3,3069.0,1,4,3,0,3,3,30.0,2,2,0,2,0,0,0,1,1
108,0.0,False,0.37429395,3,24.0,2,3,3972.0,0,3,1,0,3,1,25.0,2,0,0,2,0,1,0,0,0
109,1.0,True,0.8949524,0,6.0,2,0,14896.0,0,4,0,0,3,3,68.0,0,1,0,3,0,1,0,1,1
110,1.0,True,0.74593383,0,36.0,2,4,2302.0,0,2,3,0,3,2,31.0,2,0,0,2,0,0,0,0,1
111,0.0,False,0.06527602,0,8.0,4,0,731.0,0,4,3,0,3,0,47.0,2,1,1,1,0,0,0,1,1
112,0.0,False,0.12679967,0,15.0,4,3,1433.0,0,2,3,0,2,1,25.0,2,0,1,2,0,0,0,0,0
113,0.0,False,0.008172454,3,6.0,2,5,1338.0,2,2,0,0,3,0,62.0,2,1,0,2,0,0,0,0,1
114,0.0,False,0.0689741,1,18.0,4,3,1295.0,0,1,3,0,0,1,27.0,2,1,1,2,0,0,0,0,0
115,0.0,False,0.12966491,0,6.0,4,3,1872.0,0,0,3,0,3,3,36.0,2,2,2,3,0,1,0,1,1
116,1.0,False,0.21101478,1,18.0,4,0,884.0,0,4,3,0,3,2,36.0,0,1,0,2,1,1,0,1,1
117,1.0,False,0.050561804,3,24.0,3,0,2538.0,0,4,3,0,3,2,47.0,2,1,1,1,1,0,0,1,1
118,0.0,False,0.093154356,3,24.0,2,4,3105.0,4,1,3,0,1,2,25.0,2,1,1,2,0,0,0,1,1
119,0.0,True,0.5237677,3,48.0,4,9,7629.0,4,4,3,0,1,2,46.0,0,1,1,3,1,0,0,0,1
120,0.0,False,0.11068895,0,12.0,4,0,2171.0,0,2,3,0,3,1,38.0,0,1,1,1,0,0,1,1,1
121,0.0,False,0.36979416,1,18.0,2,1,2779.0,0,2,0,0,2,2,21.0,2,0,0,2,0,1,0,0,1
122,0.0,False,0.069639385,0,9.0,4,4,1138.0,0,2,3,0,3,0,25.0,2,1,1,1,0,0,0,1,1
123,0.0,False,0.11520071,0,12.0,2,3,1657.0,0,2,1,0,1,0,27.0,2,1,0,2,0,0,0,1,1
124,1.0,False,0.12418699,1,21.0,2,9,2767.0,1,4,3,0,1,2,61.0,0,0,1,1,0,0,0,0,1
125,1.0,False,0.061569653,1,18.0,4,3,1928.0,0,1,1,0,1,0,31.0,2,1,1,1,0,0,0,1,1
126,1.0,False,0.44850653,1,36.0,2,6,2384.0,0,1,3,0,0,3,33.0,2,0,0,1,0,0,0,1,1
127,0.0,False,0.014223349,3,9.0,4,7,1244.0,4,4,3,0,3,1,41.0,2,0,1,1,0,0,0,0,0
128,0.0,False,0.065112874,3,12.0,4,3,3331.0,0,4,1,0,3,1,42.0,1,1,0,2,0,0,0,1,1
129,0.0,False,0.0328352,3,24.0,4,7,1597.0,0,4,3,0,3,3,54.0,2,2,1,2,1,0,0,1,1
130,0.0,False,0.16386123,3,24.0,3,9,3863.0,0,2,0,0,1,3,32.0,2,2,0,2,0,0,0,1,1
131,1.0,False,0.14611183,0,12.0,2,4,709.0,0,4,3,0,3,0,57.0,1,1,0,1,0,0,0,1,1
132,1.0,False,0.14170466,1,15.0,2,4,802.0,0,4,3,0,2,2,37.0,2,1,0,2,1,0,0,1,1
133,0.0,False,0.055098396,3,12.0,2,3,1736.0,0,3,2,0,3,0,31.0,2,1,0,1,0,0,0,0,0
134,0.0,False,0.1395802,0,6.0,2,0,662.0,0,1,2,0,3,0,41.0,2,1,0,1,1,1,0,1,1
135,0.0,False,0.03226113,3,6.0,1,0,783.0,4,2,0,2,1,0,26.0,1,1,0,1,1,0,0,1,1
136,1.0,False,0.19261904,0,21.0,2,4,1835.0,0,2,2,0,1,0,25.0,2,1,1,2,0,1,0,0,0
137,0.0,False,0.014316977,1,6.0,4,8,932.0,4,3,0,0,2,1,39.0,2,1,1,1,0,0,0,0,0
138,0.0,False,0.05852841,0,6.0,2,3,1374.0,0,2,0,0,1,0,36.0,0,1,0,1,0,1,0,1,1
139,0.0,False,0.10686039,0,8.0,4,2,1164.0,0,4,2,0,3,3,51.0,0,2,1,3,1,1,0,1,1
140,1.0,True,0.905146,0,48.0,4,1,6143.0,0,4,3,0,3,3,58.0,1,2,1,1,0,0,0,0,0
141,0.0,False,0.07957632,3,6.0,0,0,1204.0,1,2,3,0,0,3,35.0,0,0,0,2,0,0,1,1,1
142,1.0,False,0.11227324,1,6.0,1,7,433.0,3,1,3,0,1,1,24.0,0,0,0,2,1,0,0,0,0
143,0.0,False,0.019937601,3,12.0,2,3,1574.0,0,2,3,0,1,0,50.0,2,1,0,2,0,0,0,1,1
144,0.0,True,0.62811315,1,36.0,4,1,5800.0,0,2,2,0,3,2,34.0,2,1,1,2,0,1,0,1,1
145,1.0,True,0.53150284,0,24.0,1,9,3161.0,0,2,3,0,1,1,31.0,2,0,0,2,0,1,0,1,1
146,0.0,False,0.039785765,1,8.0,2,9,907.0,0,1,2,0,1,0,26.0,2,1,0,2,0,1,0,0,1
147,0.0,False,0.14828248,3,12.0,1,8,3447.0,2,2,3,0,2,0,35.0,2,1,0,1,1,0,0,0,0
148,1.0,False,0.48653117,0,36.0,2,3,2712.0,0,4,1,0,1,1,41.0,0,1,0,2,1,0,0,1,1
149,1.0,False,0.37965456,0,24.0,2,4,1938.0,0,1,3,0,2,1,32.0,2,1,0,2,0,0,0,0,1
150,0.0,False,0.034829836,3,24.0,4,4,1851.0,0,3,3,2,1,2,33.0,2,1,1,2,0,1,0,0,1
151,0.0,False,0.30942675,1,24.0,2,0,3512.0,1,3,1,0,2,2,38.0,0,1,1,2,0,1,0,1,1
152,0.0,False,0.04653934,1,18.0,3,9,2427.0,4,4,3,0,1,1,42.0,2,1,1,2,0,0,0,1,1
153,1.0,False,0.32836553,0,18.0,4,6,1190.0,0,0,1,0,3,3,55.0,2,2,2,0,1,0,0,0,0
154,0.0,False,0.04489016,3,10.0,2,0,1546.0,0,2,2,0,1,0,31.0,2,1,0,1,1,0,1,1,1
155,0.0,False,0.28353974,1,12.0,2,3,3017.0,0,1,2,0,0,0,34.0,2,0,0,3,0,0,0,0,0
156,0.0,False,0.12102471,1,9.0,2,0,276.0,0,2,3,0,3,0,22.0,2,0,0,1,0,0,0,0,1
157,0.0,False,0.017335232,3,12.0,4,0,926.0,0,0,0,0,1,1,38.0,2,1,0,0,0,0,0,0,0
158,0.0,False,0.06478434,1,9.0,2,9,1391.0,0,2,1,0,0,0,27.0,0,1,0,2,0,1,0,0,1
159,1.0,True,0.57048935,1,24.0,2,3,4057.0,0,3,2,0,2,2,43.0,2,1,0,2,0,1,0,0,1
160,1.0,False,0.08622026,1,6.0,1,0,931.0,1,1,0,0,0,1,32.0,1,1,0,1,0,0,0,0,0
161,0.0,False,0.04498205,3,10.0,2,1,2901.0,4,1,0,0,3,0,31.0,2,0,0,2,0,0,0,0,0
162,1.0,False,0.30167663,0,12.0,2,7,684.0,0,2,3,0,3,2,40.0,2,0,0,1,1,0,0,1,1
163,0.0,True,0.92291737,0,48.0,2,7,7476.0,0,3,3,0,0,3,50.0,2,2,0,3,0,1,0,1,1
164,0.0,False,0.1433292,3,15.0,2,3,2221.0,2,2,1,0,3,2,20.0,2,0,0,2,0,0,0,0,0
165,1.0,False,0.4769419,0,12.0,4,0,4843.0,0,4,2,1,3,1,43.0,2,0,1,2,0,1,0,1,1
166,0.0,False,0.04987302,3,18.0,2,3,2515.0,0,2,2,0,3,0,43.0,2,1,0,2,0,1,0,1,1
167,0.0,False,0.17612417,0,12.0,2,0,3651.0,3,2,0,0,2,1,31.0,2,1,0,2,1,0,0,1,1
168,0.0,False,0.053276498,2,4.0,2,0,1494.0,4,1,0,0,1,0,29.0,2,1,0,1,1,0,1,1,1
169,0.0,True,0.53768116,1,48.0,2,2,5381.0,4,0,2,0,3,3,40.0,0,2,0,0,0,1,0,1,1
170,0.0,False,0.06371221,2,12.0,2,4,3399.0,4,4,1,0,2,2,37.0,2,1,0,3,0,0,0,1,1
171,0.0,False,0.0801371,0,15.0,4,3,1478.0,0,4,3,0,3,2,44.0,2,1,1,2,1,1,0,1,1
172,0.0,False,0.060997013,1,6.0,3,9,1449.0,1,4,0,0,1,2,31.0,0,1,1,2,1,0,0,0,1
173,0.0,False,0.052679803,1,24.0,4,4,1743.0,0,4,3,0,1,1,48.0,2,1,1,1,0,0,0,1,1
174,0.0,False,0.05044897,3,12.0,2,4,3077.0,0,2,1,0,3,2,52.0,2,1,0,2,0,1,0,1,1
175,0.0,False,0.10628179,3,6.0,2,3,1766.0,0,2,0,0,1,1,21.0,2,0,0,2,0,0,0,0,1
176,0.0,False,0.10867227,1,9.0,2,3,2030.0,4,3,1,0,0,2,24.0,2,1,0,2,0,1,0,1,1
177,0.0,False,0.017773105,3,11.0,4,4,1154.0,1,0,3,0,3,0,57.0,2,1,2,1,0,0,0,0,0
178,0.0,True,0.51092094,0,20.0,4,3,4272.0,0,4,0,0,3,1,24.0,2,1,1,2,0,0,0,0,0
179,1.0,True,0.9245959,1,72.0,2,4,5595.0,1,2,1,0,1,2,24.0,2,1,0,2,0,0,0,0,1
180,0.0,False,0.07384029,0,12.0,4,0,2122.0,0,2,2,0,1,0,39.0,2,0,1,1,1,0,1,1,1
181,0.0,False,0.16964424,3,24.0,4,9,4139.0,1,2,2,0,2,1,27.0,2,1,1,1,0,1,0,1,1
182,0.0,False,0.026769834,3,7.0,3,4,846.0,4,4,2,0,3,3,36.0,2,2,0,2,0,0,0,1,1
183,0.0,False,0.03704621,3,15.0,4,7,1532.0,1,2,3,0,2,2,31.0,2,1,0,2,0,0,0,0,0
184,0.0,False,0.16397677,1,21.0,2,3,3976.0,4,3,1,0,2,2,35.0,2,1,0,2,0,1,0,1,1
185,1.0,False,0.06845822,1,12.0,2,4,766.0,2,2,3,0,2,0,66.0,2,1,0,1,0,0,0,1,1
186,1.0,False,0.32236722,1,24.0,2,0,1246.0,0,1,3,0,1,0,23.0,1,1,0,1,0,0,0,1,1
187,0.0,False,0.024025109,3,12.0,2,9,1542.0,0,3,1,0,3,2,36.0,2,1,0,2,0,1,0,1,1
188,0.0,False,0.08470762,3,24.0,2,3,929.0,4,3,3,0,1,2,31.0,1,1,0,2,0,1,0,1,1
189,0.0,False,0.08071328,3,15.0,2,1,3029.0,0,3,1,0,1,2,33.0,2,1,0,2,0,0,0,1,1
190,1.0,False,0.029191228,3,18.0,2,3,1533.0,0,1,3,1,0,1,43.0,2,1,0,1,1,0,0,0,1
191,0.0,True,0.5776034,1,48.0,3,9,6681.0,4,2,3,0,3,3,38.0,2,2,0,2,1,1,0,1,1
192,1.0,False,0.3512725,1,12.0,2,0,888.0,0,4,3,0,3,2,41.0,0,1,0,1,1,0,0,1,1
193,1.0,True,0.50272274,1,18.0,3,3,4297.0,0,4,3,0,2,3,40.0,2,1,0,3,0,1,0,0,1
194,1.0,False,0.02548795,2,30.0,3,9,1908.0,0,4,3,0,3,0,66.0,2,1,0,3,0,1,0,1,1
195,0.0,False,0.10680497,3,24.0,2,4,3235.0,2,4,2,0,1,2,26.0,2,1,0,3,0,1,0,0,1
196,1.0,True,0.94225657,1,60.0,2,0,7408.0,1,1,3,0,1,1,24.0,2,1,0,3,0,0,0,0,0
197,0.0,True,0.8279584,0,24.0,2,9,6568.0,0,2,1,0,1,2,21.0,1,1,0,1,0,0,0,0,1
198,0.0,True,0.7077936,0,24.0,1,1,3632.0,0,2,0,2,3,2,22.0,0,0,0,2,0,0,1,0,0
199,0.0,True,0.66998047,3,54.0,0,1,9436.0,4,2,1,0,1,1,39.0,2,1,0,1,1,0,0,1,1
200,1.0,True,0.9448664,0,60.0,3,9,6836.0,0,4,2,0,3,3,63.0,2,1,1,2,0,1,0,1,1
201,1.0,False,0.06770937,2,21.0,4,7,2319.0,0,1,1,0,0,2,33.0,2,0,0,2,0,0,0,0,1
202,0.0,False,0.01541886,3,6.0,2,1,1236.0,2,2,1,0,3,1,50.0,2,0,0,2,0,0,0,1,1
203,1.0,False,0.26044604,3,21.0,0,0,5003.0,4,2,0,0,3,1,29.0,0,1,1,2,0,1,0,0,0
204,0.0,False,0.050350085,3,12.0,2,4,886.0,4,2,3,0,1,2,21.0,2,1,0,2,0,0,0,0,0
205,1.0,True,0.8139443,0,24.0,2,0,1442.0,0,3,3,0,3,2,23.0,2,0,1,2,0,0,0,0,0
206,0.0,False,0.0375917,3,6.0,2,3,2978.0,2,2,0,0,1,2,32.0,2,1,0,2,0,1,0,1,1
207,1.0,False,0.17905533,0,24.0,2,3,2359.0,1,0,0,0,0,1,33.0,2,1,0,2,0,0,0,0,1
208,1.0,False,0.3302498,0,24.0,2,3,2996.0,4,2,1,0,3,2,20.0,2,1,0,2,0,0,0,0,1
209,0.0,False,0.15198469,3,18.0,4,3,3780.0,0,1,2,0,1,2,35.0,2,1,1,3,0,1,0,0,1
210,0.0,False,0.30071834,3,27.0,2,6,5190.0,4,4,3,0,3,1,48.0,2,1,3,2,1,1,0,1,1
211,0.0,True,0.8177796,1,36.0,2,4,4795.0,0,1,3,0,0,3,30.0,2,1,0,3,0,1,0,0,0
212,1.0,True,0.8099025,0,12.0,1,0,697.0,0,1,3,0,1,2,46.0,0,1,1,2,0,1,0,1,1
213,1.0,True,0.5297141,3,18.0,0,9,4165.0,0,2,1,0,1,2,36.0,1,1,1,2,1,0,0,1,1
214,0.0,False,0.4453734,0,14.0,2,0,3973.0,0,0,0,0,3,3,22.0,2,2,0,2,0,0,0,1,1
215,1.0,False,0.042723358,3,18.0,4,7,1864.0,1,2,3,0,1,0,30.0,2,1,1,2,0,0,0,0,0
216,0.0,False,0.011269664,2,6.0,4,7,1047.0,0,2,1,0,3,1,50.0,2,1,0,1,0,0,0,0,0
217,1.0,False,0.023157548,3,18.0,2,4,433.0,0,0,2,1,3,0,22.0,2,0,0,2,0,0,0,0,0
218,0.0,False,0.3505066,1,36.0,2,7,3711.0,4,2,1,0,1,2,27.0,2,1,0,2,0,0,0,0,1
219,0.0,False,0.075621545,1,9.0,2,4,1206.0,0,4,3,0,3,0,25.0,2,1,0,2,0,0,0,0,0
220,0.0,False,0.04741466,3,6.0,2,3,1543.0,3,2,3,0,1,0,33.0,2,1,0,2,0,0,0,0,1
221,0.0,False,0.073125735,3,4.0,4,0,3380.0,0,3,0,0,0,0,37.0,2,1,0,2,1,0,0,0,0
222,0.0,False,0.0936941,2,24.0,2,4,1258.0,2,2,2,0,2,2,57.0,2,1,0,1,0,0,0,0,0
223,0.0,False,0.08374553,3,12.0,2,4,2073.0,1,2,3,1,1,0,28.0,2,1,0,2,0,0,0,0,0
224,0.0,False,0.4708545,0,21.0,2,4,2606.0,0,1,3,0,3,1,28.0,2,0,0,3,0,1,0,0,0
225,0.0,False,0.022364313,3,12.0,4,7,2096.0,0,3,1,0,2,0,49.0,2,1,0,1,1,0,0,1,1
226,0.0,False,0.014695968,3,12.0,4,0,1255.0,0,4,3,0,3,0,61.0,2,1,1,1,0,0,0,1,1
227,0.0,False,0.045390923,3,9.0,2,5,1236.0,0,1,0,0,3,0,23.0,2,0,0,2,0,1,0,0,0
228,0.0,False,0.015691632,3,24.0,2,4,1278.0,0,4,3,0,0,0,36.0,2,1,0,3,0,1,0,1,1
229,0.0,False,0.04746166,0,6.0,2,0,1374.0,4,0,3,0,2,1,75.0,2,1,0,3,0,1,0,0,0
230,0.0,False,0.21920848,2,10.0,2,0,3949.0,0,1,0,2,0,1,37.0,2,1,0,1,1,0,0,1,1
231,0.0,False,0.021252738,3,12.0,2,0,2390.0,4,4,3,0,2,2,50.0,2,1,0,2,0,1,0,1,1
232,0.0,False,0.28004578,1,24.0,2,0,1201.0,0,1,3,0,0,1,26.0,2,1,0,2,0,0,0,1,1
233,0.0,False,0.12675652,3,15.0,4,3,2788.0,0,3,1,1,2,2,24.0,0,1,1,2,0,0,0,0,0
234,0.0,False,0.014281478,3,12.0,4,9,1264.0,4,4,3,0,3,3,57.0,2,0,0,1,0,0,0,1,1
235,0.0,True,0.66344047,0,24.0,2,3,4020.0,0,2,1,0,1,2,27.0,1,1,0,2,0,0,0,1,1
236,0.0,False,0.020047797,3,9.0,2,0,2507.0,2,4,1,0,3,3,51.0,2,2,0,1,0,0,0,1,1
237,1.0,False,0.066049956,3,24.0,2,4,2397.0,2,4,2,0,1,2,35.0,0,1,1,2,0,1,0,1,1
238,1.0,True,0.60360426,1,27.0,2,9,3915.0,0,2,3,0,1,2,36.0,2,1,0,2,1,1,0,1,1
239,1.0,True,0.6626083,3,48.0,4,1,11590.0,1,2,1,0,3,2,24.0,0,0,1,1,0,0,0,0,0
240,0.0,True,0.8804916,0,42.0,2,3,7882.0,0,3,1,2,3,1,45.0,2,2,0,2,1,0,0,1,1
241,0.0,False,0.027580857,3,12.0,4,0,1495.0,0,4,3,0,0,0,38.0,2,1,1,1,1,0,0,1,1
242,0.0,False,0.024885934,3,24.0,2,0,2255.0,4,1,3,0,0,1,54.0,2,1,0,2,0,0,0,1,1
243,0.0,False,0.08171235,1,9.0,2,0,1549.0,4,1,3,0,1,0,35.0,2,1,0,0,0,0,0,1,1
244,0.0,False,0.25597423,3,30.0,2,1,4811.0,4,3,1,0,3,1,24.0,1,0,0,1,0,0,0,0,0
245,0.0,False,0.022762699,1,14.0,2,9,1410.0,2,4,0,0,1,0,35.0,2,1,0,2,0,1,0,0,1
246,0.0,False,0.091526955,3,5.0,2,9,3448.0,0,3,0,0,3,0,74.0,2,1,0,1,0,0,0,1,1
247,0.0,False,0.4292372,1,11.0,3,4,4771.0,0,3,1,0,3,1,51.0,2,1,0,2,0,0,0,1,1
248,0.0,False,0.063854136,0,10.0,2,4,2315.0,0,4,2,0,3,0,52.0,2,1,0,1,0,0,0,1,1
249,0.0,True,0.89429605,0,48.0,2,1,4788.0,0,3,3,0,2,1,26.0,2,1,0,2,1,0,0,1,1
250,0.0,False,0.04495257,3,18.0,2,9,1568.0,1,2,2,0,3,1,24.0,2,0,0,1,0,0,0,0,0
251,0.0,False,0.0892163,3,15.0,1,4,1569.0,1,4,3,0,3,2,34.0,0,1,0,1,1,0,0,1,1
252,1.0,True,0.8219148,0,40.0,4,7,5998.0,0,2,3,0,2,3,27.0,0,1,0,2,0,1,0,1,1
253,0.0,False,0.01988054,3,18.0,4,4,1169.0,4,2,3,0,2,1,29.0,2,1,1,2,0,1,0,1,1
254,1.0,False,0.021317827,1,12.0,2,0,1223.0,0,4,0,0,0,0,46.0,2,0,1,2,0,0,0,0,1
255,0.0,False,0.2381864,0,18.0,2,3,2659.0,3,2,3,0,1,2,28.0,2,1,0,2,0,0,0,1,1
256,0.0,False,0.02641881,3,6.0,4,4,700.0,4,4,3,0,3,3,36.0,2,2,1,2,0,0,0,1,1
257,0.0,False,0.046707895,3,10.0,2,1,2848.0,1,2,0,1,1,0,32.0,2,1,0,2,1,0,0,1,1
258,1.0,False,0.20082635,0,9.0,2,4,1366.0,0,1,2,0,3,1,22.0,2,0,0,2,0,0,0,0,0
259,0.0,False,0.27995273,3,36.0,2,7,9055.0,4,2,1,0,3,3,35.0,2,2,0,1,1,1,0,1,1
260,1.0,False,0.22479177,0,24.0,2,4,1987.0,0,2,1,0,3,0,21.0,2,0,0,1,1,0,0,1,1
261,0.0,False,0.2638843,0,24.0,2,1,2924.0,0,2,2,2,3,3,63.0,0,1,0,2,1,1,0,1,1
262,0.0,False,0.14238586,1,18.0,2,9,2622.0,1,2,3,0,3,2,34.0,2,1,0,2,0,0,0,1,1
263,0.0,False,0.24335027,3,36.0,4,9,6304.0,4,4,3,0,3,0,36.0,2,1,1,2,0,0,0,1,1
264,1.0,False,0.45535377,3,36.0,3,4,4463.0,0,2,3,0,1,2,26.0,2,1,1,3,0,1,0,1,1
265,0.0,False,0.40212777,3,36.0,2,9,7409.0,4,4,2,0,1,1,37.0,2,1,1,2,0,0,0,1,1
266,0.0,False,0.09220119,3,24.0,3,0,717.0,4,4,3,0,3,2,54.0,2,1,1,2,0,1,0,0,1
267,0.0,False,0.06482869,0,20.0,2,3,2212.0,4,3,3,0,3,2,39.0,2,1,0,2,0,1,0,1,1
268,1.0,True,0.63604057,0,18.0,1,3,1553.0,0,2,3,0,2,2,44.0,0,1,0,2,0,0,0,1,1
269,1.0,True,0.83068085,1,18.0,2,1,12976.0,0,0,2,0,3,3,38.0,2,2,0,3,0,1,0,0,0
270,0.0,False,0.062837444,3,12.0,4,4,1934.0,0,4,1,0,1,3,26.0,2,1,1,2,0,0,0,1,1
271,1.0,False,0.47224835,0,33.0,4,3,4281.0,2,2,0,0,3,2,23.0,2,1,1,2,0,0,0,0,0
272,1.0,False,0.078954645,0,16.0,4,0,2625.0,0,4,1,2,3,1,43.0,0,0,0,2,0,1,0,1,1
273,0.0,False,0.043132316,0,6.0,4,0,666.0,3,3,2,0,3,0,39.0,2,1,1,1,0,1,0,0,0
274,0.0,False,0.23258165,3,24.0,2,1,3488.0,1,3,2,0,3,2,23.0,2,1,0,2,0,0,0,0,0
275,1.0,True,0.6839677,1,30.0,4,0,5234.0,0,0,3,0,1,2,28.0,2,1,1,3,0,0,0,0,1
276,0.0,False,0.043910302,3,6.0,4,4,1382.0,0,2,0,0,0,2,28.0,2,1,1,2,0,1,0,0,0
277,1.0,False,0.3647262,3,36.0,2,3,3349.0,0,2,3,0,1,2,28.0,2,1,0,3,0,1,0,0,0
278,0.0,False,0.022815172,3,15.0,2,4,1213.0,2,4,3,0,2,1,47.0,1,1,0,2,0,1,0,1,1
279,1.0,False,0.30450213,1,12.0,2,0,836.0,1,1,3,0,1,1,23.0,0,1,0,1,0,0,0,0,0
280,0.0,False,0.13198122,0,12.0,2,3,1289.0,0,2,3,2,0,1,21.0,2,1,0,1,0,0,0,1,1
281,0.0,False,0.054582432,3,12.0,4,3,1258.0,0,1,1,0,3,1,22.0,2,0,1,1,0,0,0,0,0
282,0.0,False,0.11797577,0,30.0,2,4,2522.0,0,4,0,2,2,1,39.0,2,1,0,2,1,0,0,1,1
283,0.0,False,0.018037492,3,12.0,2,9,1076.0,0,2,1,0,1,0,26.0,2,1,0,2,0,1,1,0,1
284,0.0,False,0.12982048,3,36.0,2,4,3835.0,4,4,1,0,3,0,45.0,2,1,0,1,0,1,0,0,0
285,0.0,False,0.06237585,3,18.0,2,4,1505.0,0,2,3,0,1,3,32.0,2,2,0,3,0,1,0,1,1
286,1.0,False,0.48725995,0,30.0,2,3,2406.0,0,3,3,0,3,0,23.0,2,0,0,2,0,0,0,0,0
287,1.0,False,0.036172852,1,15.0,3,6,1512.0,3,2,2,0,2,1,61.0,1,1,1,2,0,0,0,0,1
288,1.0,True,0.74306,0,12.0,2,3,7865.0,0,4,3,0,3,3,53.0,2,2,0,3,0,1,0,1,1
289,0.0,False,0.28064385,1,18.0,4,9,3590.0,0,0,2,0,2,2,40.0,2,1,2,0,1,1,0,0,1
290,1.0,False,0.42361137,0,24.0,1,3,3349.0,2,1,3,0,3,3,30.0,2,2,0,2,1,1,0,1,1
291,1.0,False,0.37099674,0,18.0,2,1,7511.0,4,4,0,0,3,1,51.0,2,2,0,2,1,1,0,1,1
292,0.0,True,0.8096589,0,36.0,2,1,5493.0,0,4,1,0,3,3,42.0,2,2,0,2,1,0,0,1,1
293,0.0,False,0.044526845,3,18.0,2,9,1950.0,0,3,3,0,0,2,34.0,1,1,1,2,0,1,0,1,1
294,0.0,False,0.09378346,2,12.0,3,0,2247.0,0,2,1,0,1,2,36.0,1,1,1,2,0,1,0,0,0
295,0.0,False,0.097300105,3,33.0,3,9,2764.0,0,2,1,0,1,2,26.0,2,1,1,2,0,1,0,0,0
296,1.0,False,0.29287195,1,30.0,3,4,1919.0,1,1,3,0,2,3,30.0,1,1,1,3,0,0,0,1,1
297,0.0,False,0.06247406,3,9.0,2,3,1313.0,0,4,0,0,3,2,20.0,2,1,0,2,0,0,0,1,1
298,0.0,True,0.7863352,1,36.0,2,1,6948.0,0,2,1,0,1,2,35.0,2,0,0,3,0,1,0,1,1
299,1.0,False,0.20471652,0,12.0,2,3,1282.0,0,2,1,0,3,2,20.0,2,0,0,2,0,0,0,0,0
