person_id,credit_score,classifications,predictions,personal_status
0,1.0,0,0.009478579,0
1,0.0,0,0.013126576,1
2,0.0,0,0.005498706,1
3,0.0,0,0.00041228274,0
4,0.0,0,0.24498387,1
5,0.0,0,0.0011382208,1
6,0.0,0,0.014564541,1
7,0.0,0,8.437262e-05,0
8,0.0,0,2.245543e-05,1
9,0.0,0,0.09443088,1
10,0.0,0,0.0019881648,0
11,1.0,0,0.22327168,1
12,0.0,0,0.050292246,0
13,1.0,1,0.99998415,1
14,1.0,1,0.99990165,1
15,1.0,0,0.100587964,1
16,0.0,0,8.429309e-05,1
17,0.0,0,2.7626696e-05,0
18,1.0,0,0.013593213,0
19,0.0,0,0.2339371,0
20,0.0,0,0.011835546,1
21,1.0,0,9.465017e-05,1
22,0.0,0,0.009978457,1
23,0.0,0,1.5896609e-05,1
24,0.0,0,0.001506059,1
25,1.0,1,0.99922204,1
26,0.0,1,0.99917644,1
27,0.0,1,0.87250096,0
28,0.0,0,0.006847451,1
29,0.0,0,0.0026430415,1
30,0.0,0,2.0331361e-05,1
31,0.0,0,0.0020027994,0
32,1.0,0,0.16367003,1
33,0.0,0,0.41841874,0
34,0.0,0,6.327908e-05,1
35,0.0,0,0.0005904782,1
36,0.0,0,0.22676635,1
37,0.0,0,0.0034651898,0
38,0.0,0,0.0018803083,0
39,1.0,1,0.8427838,0
40,0.0,1,0.557339,1
41,0.0,0,0.017891252,0
42,0.0,0,0.0004173482,0
43,0.0,0,0.0003263757,0
44,0.0,0,0.0008414464,1
45,0.0,0,0.0037269066,0
46,1.0,0,0.015113584,0
47,1.0,0,0.025610715,0
48,1.0,0,4.4291805e-06,0
49,0.0,0,1.1443486e-05,0
50,1.0,1,0.9996574,0
51,0.0,0,0.0033367104,1
52,0.0,1,0.8963504,0
53,1.0,1,0.9998989,0
54,0.0,0,0.0017287888,1
55,0.0,0,0.031576455,0
56,0.0,0,0.009062789,1
57,1.0,0,0.07960965,0
58,0.0,1,0.8514964,0
59,0.0,0,6.615313e-05,0
60,0.0,0,4.280617e-06,0
61,1.0,0,0.20264047,1
62,1.0,0,0.0028506522,1
63,0.0,0,4.7098663e-07,1
64,0.0,0,0.19327553,0
65,0.0,0,0.0019857709,1
66,0.0,0,0.0006527444,1
67,0.0,0,0.08196675,0
68,0.0,0,0.3422516,0
69,1.0,0,0.0027647165,1
70,0.0,0,1.9654944e-05,1
71,0.0,0,0.01544081,1
72,0.0,1,1.0,0
73,0.0,0,0.0022801135,1
74,0.0,0,0.020707363,0
75,1.0,1,0.99993956,0
76,1.0,0,0.005711713,1
77,0.0,0,0.0003658478,1
78,1.0,0,0.0015125574,1
79,1.0,1,0.98763436,0
80,0.0,0,0.0038594694,0
81,0.0,0,0.003974693,0
82,0.0,0,0.013339707,1
83,0.0,0,0.14687197,0
84,0.0,0,0.0006841805,1
85,1.0,1,0.83471626,0
86,1.0,1,1.0,1
87,1.0,0,0.3915712,1
88,0.0,0,0.011991002,0
89,0.0,0,0.0004240832,0
90,0.0,1,0.7320771,0
91,0.0,0,1.3592454e-05,0
92,1.0,1,0.77560496,1
93,0.0,1,0.997875,0
94,0.0,0,2.5845063e-06,1
95,0.0,0,1.6946253e-05,0
96,0.0,0,0.05834703,0
97,0.0,0,0.00034918517,1
98,1.0,1,0.61712646,1
99,1.0,0,0.44547236,0
100,0.0,0,0.005314526,1
101,1.0,0,0.005815213,0
102,1.0,0,7.2525705e-05,0
103,0.0,0,0.00036073907,1
104,0.0,0,0.0030928883,1
105,0.0,1,0.77553225,0
106,0.0,0,0.26999828,0
107,0.0,0,0.012082905,1
108,0.0,0,0.0032093925,0
109,1.0,1,0.9999815,1
110,1.0,1,0.99999964,0
111,0.0,0,0.0026842246,1
112,0.0,0,0.003833186,0
113,0.0,0,0.0004238791,0
114,0.0,0,0.043628596,0
115,0.0,0,0.091108054,1
116,1.0,0,0.34822604,1
117,1.0,0,0.00027650435,1
118,0.0,0,0.0008243218,1
119,0.0,0,0.039088104,0
120,0.0,1,0.6104212,1
121,0.0,0,0.053302117,0
122,0.0,0,0.0025031192,1
123,0.0,0,0.04516754,1
124,1.0,0,0.006513051,0
125,1.0,0,0.034982808,1
126,1.0,1,0.99715185,1
127,0.0,0,0.0003669964,0
128,0.0,0,0.009313378,1
129,0.0,0,0.016064676,1
130,0.0,1,0.95807034,1
131,1.0,0,0.00023180994,1
132,1.0,0,0.038985405,1
133,0.0,0,0.010965528,0
134,0.0,0,0.00020811056,1
135,0.0,0,0.12556554,1
136,1.0,0,0.4460337,0
137,0.0,0,0.0052621774,0
138,0.0,0,0.0028281708,1
139,0.0,0,0.20939407,1
140,1.0,0,0.24047706,0
141,0.0,0,0.011283493,1
142,1.0,1,0.90950793,0
143,0.0,0,7.313834e-05,1
144,0.0,0,0.015784176,1
145,1.0,0,0.002477225,1
146,0.0,0,0.14123653,0
147,0.0,0,0.0077339974,0
148,1.0,0,0.00010216114,1
149,1.0,1,0.99990773,0
150,0.0,0,0.0015016161,0
151,0.0,0,0.0051028845,1
152,0.0,0,0.0004897729,1
153,1.0,0,0.25619832,0
154,0.0,0,4.0791764e-07,1
155,0.0,0,0.019905938,0
156,0.0,0,3.4071283e-05,0
157,0.0,0,1.1815778e-06,0
158,0.0,0,0.3393978,0
159,1.0,0,0.0010648582,0
160,1.0,0,0.061024632,0
161,0.0,0,4.4732362e-05,0
162,1.0,0,0.33233473,1
163,0.0,1,0.62022847,1
164,0.0,0,0.0007348764,0
165,1.0,1,0.7328484,1
166,0.0,0,0.0037036003,1
167,0.0,0,0.000560187,1
168,0.0,0,0.011745287,1
169,0.0,0,0.00405997,1
170,0.0,0,0.009094736,1
171,0.0,0,0.0016448833,1
172,0.0,0,0.0014024322,0
173,0.0,0,8.056422e-05,1
174,0.0,0,0.019508509,1
175,0.0,1,0.5694262,0
176,0.0,0,0.00026602173,1
177,0.0,0,0.00020969547,0
178,0.0,0,0.19481382,0
179,1.0,1,0.9999999,0
180,0.0,0,0.015165024,1
181,0.0,0,0.0025514087,1
182,0.0,0,0.04478587,1
183,0.0,0,0.009129282,0
184,0.0,0,0.0002079392,1
185,1.0,0,9.954387e-08,1
186,1.0,0,0.0007326894,1
187,0.0,0,0.007898263,1
188,0.0,0,0.00044239516,1
189,0.0,0,0.0032249957,1
190,1.0,0,5.6021645e-06,0
191,0.0,0,0.0054222224,1
192,1.0,1,0.90810883,1
193,1.0,0,0.152127,0
194,1.0,0,0.008110837,1
195,0.0,0,0.0027209285,0
196,1.0,1,0.88049483,0
197,0.0,0,5.725356e-05,0
198,0.0,1,0.9334652,0
199,0.0,0,1.6102606e-05,1
200,1.0,1,0.99760085,1
201,1.0,1,0.777621,0
202,0.0,0,0.00015975357,1
203,1.0,0,0.00090055395,0
204,0.0,1,0.9090062,0
205,1.0,1,0.74169236,0
206,0.0,0,0.006717588,1
207,1.0,0,0.48066214,0
208,1.0,0,0.00019086285,0
209,0.0,0,0.0043665348,0
210,0.0,0,0.00041108223,1
211,0.0,1,0.8780124,0
212,1.0,0,0.046472915,1
213,1.0,1,0.9997048,1
214,0.0,0,0.0013473025,1
215,1.0,0,0.004322108,0
216,0.0,0,0.008780507,0
217,1.0,0,4.5944395e-07,0
218,0.0,0,0.004403891,0
219,0.0,0,0.029365707,0
220,0.0,0,0.002606095,0
221,0.0,0,0.0032556031,0
222,0.0,0,0.00019426206,0
223,0.0,0,0.1103049,0
224,0.0,0,0.4741234,0
225,0.0,0,0.00034627193,1
226,0.0,0,6.247213e-06,1
227,0.0,0,7.501293e-05,0
228,0.0,0,5.9571793e-08,1
229,0.0,0,0.00213501,0
230,0.0,0,0.00040894034,1
231,0.0,0,0.00027357246,1
232,0.0,0,0.0022804758,1
233,0.0,0,0.011218402,0
234,0.0,0,0.0002481371,1
235,0.0,0,0.09829746,1
236,0.0,0,0.0009959234,1
237,1.0,0,0.00024110496,1
238,1.0,0,0.05122514,1
239,1.0,0,0.061737515,0
240,0.0,0,0.01621255,1
241,0.0,0,4.0231615e-05,1
242,0.0,0,0.0027255425,1
243,0.0,0,0.013753641,1
244,0.0,0,1.854883e-05,0
245,0.0,0,0.02365681,0
246,0.0,0,0.06629919,1
247,0.0,0,0.05993482,1
248,0.0,0,0.00052242173,1
249,0.0,1,0.9999256,1
250,0.0,0,0.01697042,0
251,0.0,0,0.030895086,1
252,1.0,0,0.104563326,1
253,0.0,0,8.73521e-05,1
254,1.0,0,0.0003337576,0
255,0.0,0,3.848097e-06,1
256,0.0,0,0.037034396,1
257,0.0,0,0.0032768613,1
258,1.0,0,0.10191105,0
259,0.0,0,0.0060224943,1
260,1.0,0,0.066764005,1
261,0.0,0,0.018601635,1
262,0.0,0,0.0014411755,1
263,0.0,0,7.684712e-05,1
264,1.0,0,0.10527778,1
265,0.0,0,0.01573923,1
266,0.0,0,2.7108517e-06,0
267,0.0,0,3.3452478e-05,1
268,1.0,0,0.33975083,1
269,1.0,1,0.9669589,0
270,0.0,0,0.0015799551,1
271,1.0,0,0.03958546,0
272,1.0,0,0.43012282,1
273,0.0,0,0.021929627,0
274,0.0,0,0.0003849407,0
275,1.0,0,0.02764677,0
276,0.0,0,0.01027107,0
277,1.0,0,0.00018942569,0
278,0.0,0,0.00022920624,1
279,1.0,1,0.969893,0
280,0.0,0,0.0014612664,1
281,0.0,0,0.0007489424,0
282,0.0,0,0.00040082636,1
283,0.0,0,9.269434e-08,0
284,0.0,0,0.00028222558,0
285,0.0,0,0.42054686,1
286,1.0,1,0.99989665,0
287,1.0,0,0.0012001998,0
288,1.0,0,0.06586836,1
289,0.0,0,0.036337614,0
290,1.0,0,0.048922088,1
291,1.0,0,0.021013353,1
292,0.0,0,0.28171602,1
293,0.0,0,0.07545291,1
294,0.0,0,0.25733516,0
295,0.0,0,0.0053670923,0
296,1.0,0,0.3230258,1
297,0.0,0,0.092197016,1
298,0.0,0,0.236274,1
299,1.0,1,0.5690949,0
