person_id,credit_score,classifications,predictions,account_amount,duration,credit_history,credit_purpose,credit_amount,savings_amount,employment_length,installment_rate,other_debtors,residence_length,property,age,installment_plans,housing,existing_credits,job,dependents,telephone,foreign_worker,personal_status,sex
0,1.0,0,0.009478579,0,18.0,2,4,3190.0,0,2,1,0,1,0,24.0,2,1,0,2,0,0,0,0,0
1,0.0,0,0.013126576,0,18.0,2,0,4380.0,1,2,2,0,3,2,35.0,2,1,0,1,1,1,0,1,1
2,0.0,0,0.005498706,0,24.0,1,0,2325.0,1,3,1,0,2,2,32.0,0,1,0,2,0,0,0,1,1
3,0.0,0,0.00041228274,2,12.0,2,4,1297.0,0,2,2,0,3,0,23.0,2,0,0,2,0,0,0,0,1
4,0.0,0,0.24498387,3,33.0,4,1,7253.0,0,3,2,0,1,2,35.0,2,1,1,3,0,1,0,1,1
5,0.0,0,0.0011382208,0,24.0,2,4,2384.0,0,4,3,0,3,0,64.0,0,0,0,1,0,0,0,1,1
6,0.0,0,0.014564541,2,6.0,2,3,2116.0,0,2,1,0,1,0,41.0,2,1,0,2,0,1,0,1,1
7,0.0,0,8.437262e-05,1,12.0,3,4,585.0,0,2,3,1,3,0,20.0,2,0,1,2,0,0,0,0,1
8,0.0,0,2.245543e-05,3,9.0,2,0,3577.0,1,2,0,2,1,0,26.0,2,0,0,2,1,0,1,1,1
9,0.0,0,0.09443088,3,27.0,3,1,8613.0,3,2,1,0,1,2,27.0,2,1,1,2,0,0,0,1,1
10,0.0,0,0.0019881648,1,6.0,2,4,484.0,0,3,2,2,2,0,28.0,0,1,0,1,0,0,0,0,1
11,1.0,0,0.22327168,0,42.0,2,4,3965.0,0,1,3,0,2,2,34.0,2,1,0,2,0,0,0,1,1
12,0.0,0,0.050292246,3,24.0,2,4,1376.0,2,3,3,0,0,2,28.0,2,1,0,2,0,0,0,0,0
13,1.0,1,0.99998415,0,60.0,2,9,7297.0,0,4,3,1,3,3,36.0,2,0,0,2,0,0,0,1,1
14,1.0,1,0.99990165,1,60.0,2,7,6288.0,0,2,3,0,3,3,42.0,2,2,0,2,0,0,0,1,1
15,1.0,0,0.100587964,0,18.0,2,3,4153.0,0,2,1,1,2,2,42.0,2,1,0,2,0,0,0,1,1
16,0.0,0,8.429309e-05,3,15.0,4,1,3368.0,3,4,2,0,3,3,23.0,2,0,1,2,0,1,0,1,1
17,0.0,0,2.7626696e-05,3,18.0,4,4,1098.0,0,0,3,0,3,2,65.0,2,1,1,0,0,0,0,0,0
18,1.0,0,0.013593213,0,18.0,4,3,2124.0,0,2,3,0,3,0,24.0,2,0,1,2,0,0,0,0,0
19,0.0,0,0.2339371,0,15.0,3,3,3643.0,0,4,0,0,3,1,27.0,2,1,1,1,0,0,0,0,0
20,0.0,0,0.011835546,3,48.0,4,1,8858.0,4,3,1,0,0,3,35.0,2,2,1,2,0,1,0,1,1
21,1.0,0,9.465017e-05,0,21.0,3,7,3414.0,0,1,1,0,0,1,26.0,2,1,1,2,0,0,0,1,1
22,0.0,0,0.009978457,3,18.0,4,4,6070.0,0,4,2,0,3,2,33.0,2,1,1,2,0,1,0,1,1
23,0.0,0,1.5896609e-05,3,4.0,4,4,1503.0,0,3,1,0,0,0,42.0,2,1,1,1,1,0,0,1,1
24,0.0,0,0.001506059,3,9.0,4,4,3074.0,4,2,0,0,1,0,33.0,2,1,1,2,1,0,0,1,1
25,1.0,1,0.99922204,0,24.0,2,4,1823.0,0,0,3,0,1,2,30.0,1,1,0,3,1,0,0,1,1
26,0.0,1,0.99917644,1,36.0,2,4,2323.0,0,3,3,0,3,2,24.0,2,0,0,2,0,0,0,1,1
27,0.0,1,0.87250096,2,42.0,0,9,6289.0,0,1,1,0,0,1,33.0,2,1,1,2,0,0,0,0,1
28,0.0,0,0.006847451,3,36.0,4,1,10477.0,4,4,1,0,3,3,42.0,2,2,1,2,0,0,0,1,1
29,0.0,0,0.0026430415,3,12.0,2,0,2859.0,4,0,3,0,3,3,38.0,2,1,0,3,0,1,0,1,1
30,0.0,0,2.0331361e-05,1,13.0,4,4,882.0,0,1,3,2,3,0,23.0,2,1,1,2,0,0,0,1,1
31,0.0,0,0.0020027994,2,12.0,2,4,1881.0,0,2,1,0,1,2,44.0,2,0,0,1,0,1,0,0,0
32,1.0,0,0.16367003,3,18.0,4,0,1530.0,0,2,2,0,1,1,32.0,0,1,1,2,0,0,0,1,1
33,0.0,0,0.41841874,2,6.0,4,0,1323.0,1,4,1,0,3,2,28.0,2,1,1,2,1,1,0,0,1
34,0.0,0,6.327908e-05,3,36.0,2,0,3079.0,4,2,3,0,3,0,36.0,2,1,0,2,0,0,0,1,1
35,0.0,0,0.0005904782,1,24.0,2,1,2760.0,4,4,3,0,3,3,36.0,0,2,0,2,0,1,0,1,1
36,0.0,0,0.22676635,1,36.0,3,0,2862.0,1,4,3,0,2,3,30.0,2,2,0,2,0,0,0,1,1
37,0.0,0,0.0034651898,3,12.0,2,0,2133.0,4,4,3,0,3,3,52.0,2,2,0,3,0,1,0,0,0
38,0.0,0,0.0018803083,3,20.0,4,0,3485.0,4,1,1,0,3,0,44.0,2,1,1,2,0,1,0,0,1
39,1.0,1,0.8427838,0,36.0,4,3,6229.0,0,1,3,1,3,3,23.0,2,0,1,1,0,1,0,0,0
40,0.0,1,0.557339,2,36.0,2,4,4473.0,0,4,3,0,1,2,31.0,2,1,0,2,0,0,0,1,1
41,0.0,0,0.017891252,3,12.0,4,7,2012.0,4,3,3,0,1,2,61.0,2,1,0,2,0,0,0,0,0
42,0.0,0,0.0004173482,2,24.0,2,3,3749.0,0,1,1,0,3,2,26.0,2,1,0,2,0,0,0,0,0
43,0.0,0,0.0003263757,3,30.0,4,4,2831.0,0,2,3,0,1,2,33.0,2,1,0,2,0,1,0,0,0
44,0.0,0,0.0008414464,1,21.0,4,3,2745.0,3,3,2,0,1,2,32.0,2,1,1,2,0,1,0,1,1
45,0.0,0,0.0037269066,0,12.0,2,3,1262.0,4,4,1,0,3,1,49.0,2,1,0,1,0,1,0,0,1
46,1.0,0,0.015113584,0,24.0,1,3,6872.0,0,1,1,0,0,1,55.0,0,1,0,2,0,1,0,0,1
47,1.0,0,0.025610715,1,9.0,2,3,918.0,0,2,3,0,0,1,30.0,2,1,0,2,0,0,0,0,0
48,1.0,0,4.4291805e-06,2,12.0,1,9,609.0,0,1,3,0,0,0,26.0,2,1,0,0,0,0,0,0,0
49,0.0,0,1.1443486e-05,3,4.0,2,3,601.0,0,1,0,0,2,0,23.0,2,0,0,1,1,0,0,0,0
50,1.0,1,0.9996574,0,24.0,2,3,3234.0,0,1,3,0,3,0,23.0,2,0,0,1,0,1,0,0,0
51,0.0,0,0.0033367104,3,30.0,4,4,6742.0,4,3,1,0,2,1,36.0,2,1,1,2,0,0,0,1,1
52,0.0,1,0.8963504,0,24.0,2,4,1603.0,0,4,3,0,3,2,55.0,2,1,0,2,0,0,0,0,0
53,1.0,1,0.9998989,1,36.0,4,0,2820.0,0,1,3,0,3,2,27.0,2,1,1,2,0,0,0,0,1
54,0.0,0,0.0017287888,1,12.0,4,1,1804.0,1,1,2,0,3,1,44.0,2,1,0,2,0,0,0,1,1
55,0.0,0,0.031576455,1,18.0,2,9,1913.0,3,1,2,0,2,0,36.0,0,1,0,2,0,1,0,0,1
56,0.0,0,0.009062789,0,6.0,4,0,3676.0,0,2,0,0,2,0,37.0,2,0,2,2,1,0,0,1,1
57,1.0,0,0.07960965,1,12.0,2,0,1295.0,0,1,2,0,0,2,25.0,2,0,0,2,0,0,0,0,0
58,0.0,1,0.8514964,0,12.0,2,7,1200.0,4,2,3,0,3,1,23.0,0,0,0,2,0,1,0,0,0
59,0.0,0,6.615313e-05,3,12.0,2,0,1101.0,0,2,2,0,1,0,27.0,2,1,1,2,0,1,0,0,1
60,0.0,0,4.280617e-06,3,12.0,2,1,4675.0,4,1,0,0,3,2,20.0,2,0,0,2,0,0,0,0,0
61,1.0,0,0.20264047,1,36.0,3,0,2225.0,0,4,3,0,3,3,57.0,0,2,1,2,0,1,0,1,1
62,1.0,0,0.0028506522,0,30.0,2,3,6350.0,4,4,3,0,3,1,31.0,2,1,0,2,0,0,0,1,1
63,0.0,0,4.7098663e-07,3,12.0,2,1,1413.0,3,3,2,0,1,1,55.0,2,1,0,2,0,0,1,1,1
64,0.0,0,0.19327553,2,10.0,2,3,1275.0,0,1,3,0,1,1,23.0,2,1,0,2,0,0,0,0,0
65,0.0,0,0.0019857709,1,24.0,2,4,2896.0,1,1,1,0,0,2,29.0,2,1,0,2,0,0,0,1,1
66,0.0,0,0.0006527444,3,21.0,2,3,2241.0,0,4,3,0,1,0,50.0,2,1,1,2,0,0,0,1,1
67,0.0,0,0.08196675,0,18.0,2,4,2389.0,0,1,3,0,0,2,27.0,1,1,0,2,0,0,0,0,0
68,0.0,0,0.3422516,3,36.0,2,1,8133.0,0,2,0,0,1,1,30.0,0,1,0,2,0,0,0,0,0
69,1.0,0,0.0027647165,2,18.0,2,3,2864.0,0,2,1,0,0,0,34.0,2,1,0,1,1,0,0,1,1
70,0.0,0,1.9654944e-05,1,12.0,2,0,6078.0,0,3,1,0,1,2,32.0,2,1,0,2,0,0,0,1,1
71,0.0,0,0.01544081,1,6.0,2,4,368.0,4,4,3,0,3,1,38.0,2,1,0,2,0,0,0,1,1
72,0.0,1,1.0,0,12.0,4,4,385.0,0,3,3,0,2,0,58.0,2,1,3,1,0,1,0,0,0
73,0.0,0,0.0022801135,1,10.0,1,4,1048.0,0,2,3,0,3,0,23.0,1,1,0,1,0,0,0,1,1
74,0.0,0,0.020707363,0,24.0,4,1,6419.0,0,4,1,0,3,3,44.0,2,2,1,3,1,1,0,0,0
75,1.0,1,0.99993956,0,24.0,3,4,1024.0,0,1,3,0,3,0,48.0,1,1,0,2,0,0,0,0,1
76,1.0,0,0.005711713,0,24.0,2,0,2303.0,0,4,3,1,0,0,45.0,2,1,0,2,0,0,0,1,1
77,0.0,0,0.0003658478,1,9.0,2,4,458.0,0,2,3,0,2,0,24.0,2,1,0,2,0,0,0,1,1
78,1.0,0,0.0015125574,0,12.0,4,3,2246.0,0,4,2,0,2,1,60.0,2,1,1,2,0,0,0,1,1
79,1.0,1,0.98763436,0,12.0,2,4,727.0,1,1,3,0,2,3,33.0,2,1,0,1,0,1,0,0,1
80,0.0,0,0.0038594694,3,18.0,2,4,1453.0,0,1,2,0,0,0,26.0,2,1,0,2,0,0,0,0,0
81,0.0,0,0.003974693,3,12.0,2,4,2171.0,0,1,1,0,1,2,29.0,0,1,0,2,0,0,0,0,0
82,0.0,0,0.013339707,3,9.0,2,4,2697.0,0,2,0,0,1,0,32.0,2,1,0,2,1,0,0,1,1
83,0.0,0,0.14687197,1,12.0,2,0,1007.0,3,2,3,0,0,0,22.0,2,1,0,2,0,0,0,0,1
84,0.0,0,0.0006841805,3,12.0,4,7,701.0,0,2,3,0,1,2,32.0,2,1,1,2,0,0,0,1,1
85,1.0,1,0.83471626,0,12.0,1,4,626.0,0,2,3,0,3,0,24.0,0,1,0,1,0,0,0,0,0
86,1.0,1,1.0,0,45.0,2,4,1845.0,0,2,3,0,3,3,23.0,2,2,0,2,0,1,0,1,1
87,1.0,0,0.3915712,1,60.0,2,0,14027.0,0,3,3,0,1,3,27.0,2,1,0,3,0,1,0,1,1
88,0.0,0,0.011991002,3,30.0,4,4,5771.0,0,3,3,0,1,2,25.0,2,1,1,2,0,0,0,0,0
89,0.0,0,0.0004240832,3,24.0,2,0,1525.0,3,3,3,0,2,2,34.0,2,1,0,2,1,1,0,0,0
90,0.0,1,0.7320771,3,22.0,2,0,1283.0,4,3,3,0,3,1,25.0,2,0,0,2,0,0,0,0,0
91,0.0,0,1.3592454e-05,3,6.0,2,4,518.0,0,2,2,0,0,0,29.0,2,1,0,2,0,0,0,0,0
92,1.0,1,0.77560496,0,48.0,0,3,7119.0,0,2,2,0,3,3,53.0,2,2,1,2,1,0,0,1,1
93,0.0,1,0.997875,0,24.0,2,3,3021.0,0,2,1,0,1,0,24.0,2,0,0,1,0,0,0,0,1
94,0.0,0,2.5845063e-06,3,48.0,4,1,2751.0,4,4,3,0,2,2,38.0,2,1,1,2,1,1,0,1,1
95,0.0,0,1.6946253e-05,3,6.0,2,6,660.0,2,3,1,0,3,0,23.0,2,0,0,1,0,0,0,0,1
96,0.0,0,0.05834703,3,24.0,4,0,2463.0,1,3,3,0,2,1,27.0,2,1,1,2,0,1,0,0,1
97,0.0,0,0.00034918517,0,18.0,2,0,2249.0,1,3,3,0,2,2,30.0,2,1,0,3,1,1,0,1,1
98,1.0,1,0.61712646,1,48.0,0,9,14421.0,0,2,1,0,1,2,25.0,2,1,0,2,0,1,0,1,1
99,1.0,0,0.44547236,0,18.0,4,0,3966.0,0,4,0,0,3,0,33.0,0,0,2,2,0,1,0,0,0
100,0.0,0,0.005314526,3,30.0,4,4,3077.0,4,4,2,0,1,2,40.0,2,1,1,2,1,1,0,1,1
101,1.0,0,0.005815213,1,9.0,2,3,959.0,0,2,0,0,1,2,29.0,2,1,0,2,0,0,1,0,0
102,1.0,0,7.2525705e-05,2,9.0,2,4,745.0,0,2,2,0,1,0,28.0,2,1,0,1,0,0,0,0,0
103,0.0,0,0.00036073907,3,24.0,4,4,2684.0,0,2,3,0,1,0,35.0,2,1,1,1,0,0,0,1,1
104,0.0,0,0.0030928883,3,12.0,2,7,1393.0,0,4,3,0,3,1,47.0,0,1,2,2,1,1,0,1,1
105,0.0,1,0.77553225,0,18.0,4,4,1880.0,0,3,3,0,0,1,32.0,2,1,1,3,0,1,0,0,1
106,0.0,0,0.26999828,1,9.0,2,7,1199.0,0,3,3,0,3,1,67.0,2,1,1,3,0,1,0,0,0
107,0.0,0,0.012082905,1,24.0,2,3,3069.0,1,4,3,0,3,3,30.0,2,2,0,2,0,0,0,1,1
108,0.0,0,0.0032093925,3,24.0,2,3,3972.0,0,3,1,0,3,1,25.0,2,0,0,2,0,1,0,0,0
109,1.0,1,0.9999815,0,6.0,2,0,14896.0,0,4,0,0,3,3,68.0,0,1,0,3,0,1,0,1,1
110,1.0,1,0.99999964,0,36.0,2,4,2302.0,0,2,3,0,3,2,31.0,2,0,0,2,0,0,0,0,1
111,0.0,0,0.0026842246,0,8.0,4,0,731.0,0,4,3,0,3,0,47.0,2,1,1,1,0,0,0,1,1
112,0.0,0,0.003833186,0,15.0,4,3,1433.0,0,2,3,0,2,1,25.0,2,0,1,2,0,0,0,0,0
113,0.0,0,0.0004238791,3,6.0,2,5,1338.0,2,2,0,0,3,0,62.0,2,1,0,2,0,0,0,0,1
114,0.0,0,0.043628596,1,18.0,4,3,1295.0,0,1,3,0,0,1,27.0,2,1,1,2,0,0,0,0,0
115,0.0,0,0.091108054,0,6.0,4,3,1872.0,0,0,3,0,3,3,36.0,2,2,2,3,0,1,0,1,1
116,1.0,0,0.34822604,1,18.0,4,0,884.0,0,4,3,0,3,2,36.0,0,1,0,2,1,1,0,1,1
117,1.0,0,0.00027650435,3,24.0,3,0,2538.0,0,4,3,0,3,2,47.0,2,1,1,1,1,0,0,1,1
118,0.0,0,0.0008243218,3,24.0,2,4,3105.0,4,1,3,0,1,2,25.0,2,1,1,2,0,0,0,1,1
119,0.0,0,0.039088104,3,48.0,4,9,7629.0,4,4,3,0,1,2,46.0,0,1,1,3,1,0,0,0,1
120,0.0,1,0.6104212,0,12.0,4,0,2171.0,0,2,3,0,3,1,38.0,0,1,1,1,0,0,1,1,1
121,0.0,0,0.053302117,1,18.0,2,1,2779.0,0,2,0,0,2,2,21.0,2,0,0,2,0,1,0,0,1
122,0.0,0,0.0025031192,0,9.0,4,4,1138.0,0,2,3,0,3,0,25.0,2,1,1,1,0,0,0,1,1
123,0.0,0,0.04516754,0,12.0,2,3,1657.0,0,2,1,0,1,0,27.0,2,1,0,2,0,0,0,1,1
124,1.0,0,0.006513051,1,21.0,2,9,2767.0,1,4,3,0,1,2,61.0,0,0,1,1,0,0,0,0,1
125,1.0,0,0.034982808,1,18.0,4,3,1928.0,0,1,1,0,1,0,31.0,2,1,1,1,0,0,0,1,1
126,1.0,1,0.99715185,1,36.0,2,6,2384.0,0,1,3,0,0,3,33.0,2,0,0,1,0,0,0,1,1
127,0.0,0,0.0003669964,3,9.0,4,7,1244.0,4,4,3,0,3,1,41.0,2,0,1,1,0,0,0,0,0
128,0.0,0,0.009313378,3,12.0,4,3,3331.0,0,4,1,0,3,1,42.0,1,1,0,2,0,0,0,1,1
129,0.0,0,0.016064676,3,24.0,4,7,1597.0,0,4,3,0,3,3,54.0,2,2,1,2,1,0,0,1,1
130,0.0,1,0.95807034,3,24.0,3,9,3863.0,0,2,0,0,1,3,32.0,2,2,0,2,0,0,0,1,1
131,1.0,0,0.00023180994,0,12.0,2,4,709.0,0,4,3,0,3,0,57.0,1,1,0,1,0,0,0,1,1
132,1.0,0,0.038985405,1,15.0,2,4,802.0,0,4,3,0,2,2,37.0,2,1,0,2,1,0,0,1,1
133,0.0,0,0.010965528,3,12.0,2,3,1736.0,0,3,2,0,3,0,31.0,2,1,0,1,0,0,0,0,0
134,0.0,0,0.00020811056,0,6.0,2,0,662.0,0,1,2,0,3,0,41.0,2,1,0,1,1,1,0,1,1
135,0.0,0,0.12556554,3,6.0,1,0,783.0,4,2,0,2,1,0,26.0,1,1,0,1,1,0,0,1,1
136,1.0,0,0.4460337,0,21.0,2,4,1835.0,0,2,2,0,1,0,25.0,2,1,1,2,0,1,0,0,0
137,0.0,0,0.0052621774,1,6.0,4,8,932.0,4,3,0,0,2,1,39.0,2,1,1,1,0,0,0,0,0
138,0.0,0,0.0028281708,0,6.0,2,3,1374.0,0,2,0,0,1,0,36.0,0,1,0,1,0,1,0,1,1
139,0.0,0,0.20939407,0,8.0,4,2,1164.0,0,4,2,0,3,3,51.0,0,2,1,3,1,1,0,1,1
140,1.0,0,0.24047706,0,48.0,4,1,6143.0,0,4,3,0,3,3,58.0,1,2,1,1,0,0,0,0,0
141,0.0,0,0.011283493,3,6.0,0,0,1204.0,1,2,3,0,0,3,35.0,0,0,0,2,0,0,1,1,1
142,1.0,1,0.90950793,1,6.0,1,7,433.0,3,1,3,0,1,1,24.0,0,0,0,2,1,0,0,0,0
143,0.0,0,7.313834e-05,3,12.0,2,3,1574.0,0,2,3,0,1,0,50.0,2,1,0,2,0,0,0,1,1
144,0.0,0,0.015784176,1,36.0,4,1,5800.0,0,2,2,0,3,2,34.0,2,1,1,2,0,1,0,1,1
145,1.0,0,0.002477225,0,24.0,1,9,3161.0,0,2,3,0,1,1,31.0,2,0,0,2,0,1,0,1,1
146,0.0,0,0.14123653,1,8.0,2,9,907.0,0,1,2,0,1,0,26.0,2,1,0,2,0,1,0,0,1
147,0.0,0,0.0077339974,3,12.0,1,8,3447.0,2,2,3,0,2,0,35.0,2,1,0,1,1,0,0,0,0
148,1.0,0,0.00010216114,0,36.0,2,3,2712.0,0,4,1,0,1,1,41.0,0,1,0,2,1,0,0,1,1
149,1.0,1,0.99990773,0,24.0,2,4,1938.0,0,1,3,0,2,1,32.0,2,1,0,2,0,0,0,0,1
150,0.0,0,0.0015016161,3,24.0,4,4,1851.0,0,3,3,2,1,2,33.0,2,1,1,2,0,1,0,0,1
151,0.0,0,0.0051028845,1,24.0,2,0,3512.0,1,3,1,0,2,2,38.0,0,1,1,2,0,1,0,1,1
152,0.0,0,0.0004897729,1,18.0,3,9,2427.0,4,4,3,0,1,1,42.0,2,1,1,2,0,0,0,1,1
153,1.0,0,0.25619832,0,18.0,4,6,1190.0,0,0,1,0,3,3,55.0,2,2,2,0,1,0,0,0,0
154,0.0,0,4.0791764e-07,3,10.0,2,0,1546.0,0,2,2,0,1,0,31.0,2,1,0,1,1,0,1,1,1
155,0.0,0,0.019905938,1,12.0,2,3,3017.0,0,1,2,0,0,0,34.0,2,0,0,3,0,0,0,0,0
156,0.0,0,3.4071283e-05,1,9.0,2,0,276.0,0,2,3,0,3,0,22.0,2,0,0,1,0,0,0,0,1
157,0.0,0,1.1815778e-06,3,12.0,4,0,926.0,0,0,0,0,1,1,38.0,2,1,0,0,0,0,0,0,0
158,0.0,0,0.3393978,1,9.0,2,9,1391.0,0,2,1,0,0,0,27.0,0,1,0,2,0,1,0,0,1
159,1.0,0,0.0010648582,1,24.0,2,3,4057.0,0,3,2,0,2,2,43.0,2,1,0,2,0,1,0,0,1
160,1.0,0,0.061024632,1,6.0,1,0,931.0,1,1,0,0,0,1,32.0,1,1,0,1,0,0,0,0,0
161,0.0,0,4.4732362e-05,3,10.0,2,1,2901.0,4,1,0,0,3,0,31.0,2,0,0,2,0,0,0,0,0
162,1.0,0,0.33233473,0,12.0,2,7,684.0,0,2,3,0,3,2,40.0,2,0,0,1,1,0,0,1,1
163,0.0,1,0.62022847,0,48.0,2,7,7476.0,0,3,3,0,0,3,50.0,2,2,0,3,0,1,0,1,1
164,0.0,0,0.0007348764,3,15.0,2,3,2221.0,2,2,1,0,3,2,20.0,2,0,0,2,0,0,0,0,0
165,1.0,1,0.7328484,0,12.0,4,0,4843.0,0,4,2,1,3,1,43.0,2,0,1,2,0,1,0,1,1
166,0.0,0,0.0037036003,3,18.0,2,3,2515.0,0,2,2,0,3,0,43.0,2,1,0,2,0,1,0,1,1
167,0.0,0,0.000560187,0,12.0,2,0,3651.0,3,2,0,0,2,1,31.0,2,1,0,2,1,0,0,1,1
168,0.0,0,0.011745287,2,4.0,2,0,1494.0,4,1,0,0,1,0,29.0,2,1,0,1,1,0,1,1,1
169,0.0,0,0.00405997,1,48.0,2,2,5381.0,4,0,2,0,3,3,40.0,0,2,0,0,0,1,0,1,1
170,0.0,0,0.009094736,2,12.0,2,4,3399.0,4,4,1,0,2,2,37.0,2,1,0,3,0,0,0,1,1
171,0.0,0,0.0016448833,0,15.0,4,3,1478.0,0,4,3,0,3,2,44.0,2,1,1,2,1,1,0,1,1
172,0.0,0,0.0014024322,1,6.0,3,9,1449.0,1,4,0,0,1,2,31.0,0,1,1,2,1,0,0,0,1
173,0.0,0,8.056422e-05,1,24.0,4,4,1743.0,0,4,3,0,1,1,48.0,2,1,1,1,0,0,0,1,1
174,0.0,0,0.019508509,3,12.0,2,4,3077.0,0,2,1,0,3,2,52.0,2,1,0,2,0,1,0,1,1
175,0.0,1,0.5694262,3,6.0,2,3,1766.0,0,2,0,0,1,1,21.0,2,0,0,2,0,0,0,0,1
176,0.0,0,0.00026602173,1,9.0,2,3,2030.0,4,3,1,0,0,2,24.0,2,1,0,2,0,1,0,1,1
177,0.0,0,0.00020969547,3,11.0,4,4,1154.0,1,0,3,0,3,0,57.0,2,1,2,1,0,0,0,0,0
178,0.0,0,0.19481382,0,20.0,4,3,4272.0,0,4,0,0,3,1,24.0,2,1,1,2,0,0,0,0,0
179,1.0,1,0.9999999,1,72.0,2,4,5595.0,1,2,1,0,1,2,24.0,2,1,0,2,0,0,0,0,1
180,0.0,0,0.015165024,0,12.0,4,0,2122.0,0,2,2,0,1,0,39.0,2,0,1,1,1,0,1,1,1
181,0.0,0,0.0025514087,3,24.0,4,9,4139.0,1,2,2,0,2,1,27.0,2,1,1,1,0,1,0,1,1
182,0.0,0,0.04478587,3,7.0,3,4,846.0,4,4,2,0,3,3,36.0,2,2,0,2,0,0,0,1,1
183,0.0,0,0.009129282,3,15.0,4,7,1532.0,1,2,3,0,2,2,31.0,2,1,0,2,0,0,0,0,0
184,0.0,0,0.0002079392,1,21.0,2,3,3976.0,4,3,1,0,2,2,35.0,2,1,0,2,0,1,0,1,1
185,1.0,0,9.954387e-08,1,12.0,2,4,766.0,2,2,3,0,2,0,66.0,2,1,0,1,0,0,0,1,1
186,1.0,0,0.0007326894,1,24.0,2,0,1246.0,0,1,3,0,1,0,23.0,1,1,0,1,0,0,0,1,1
187,0.0,0,0.007898263,3,12.0,2,9,1542.0,0,3,1,0,3,2,36.0,2,1,0,2,0,1,0,1,1
188,0.0,0,0.00044239516,3,24.0,2,3,929.0,4,3,3,0,1,2,31.0,1,1,0,2,0,1,0,1,1
189,0.0,0,0.0032249957,3,15.0,2,1,3029.0,0,3,1,0,1,2,33.0,2,1,0,2,0,0,0,1,1
190,1.0,0,5.6021645e-06,3,18.0,2,3,1533.0,0,1,3,1,0,1,43.0,2,1,0,1,1,0,0,0,1
191,0.0,0,0.0054222224,1,48.0,3,9,6681.0,4,2,3,0,3,3,38.0,2,2,0,2,1,1,0,1,1
192,1.0,1,0.90810883,1,12.0,2,0,888.0,0,4,3,0,3,2,41.0,0,1,0,1,1,0,0,1,1
193,1.0,0,0.152127,1,18.0,3,3,4297.0,0,4,3,0,2,3,40.0,2,1,0,3,0,1,0,0,1
194,1.0,0,0.008110837,2,30.0,3,9,1908.0,0,4,3,0,3,0,66.0,2,1,0,3,0,1,0,1,1
195,0.0,0,0.0027209285,3,24.0,2,4,3235.0,2,4,2,0,1,2,26.0,2,1,0,3,0,1,0,0,1
196,1.0,1,0.88049483,1,60.0,2,0,7408.0,1,1,3,0,1,1,24.0,2,1,0,3,0,0,0,0,0
197,0.0,0,5.725356e-05,0,24.0,2,9,6568.0,0,2,1,0,1,2,21.0,1,1,0,1,0,0,0,0,1
198,0.0,1,0.9334652,0,24.0,1,1,3632.0,0,2,0,2,3,2,22.0,0,0,0,2,0,0,1,0,0
199,0.0,0,1.6102606e-05,3,54.0,0,1,9436.0,4,2,1,0,1,1,39.0,2,1,0,1,1,0,0,1,1
200,1.0,1,0.99760085,0,60.0,3,9,6836.0,0,4,2,0,3,3,63.0,2,1,1,2,0,1,0,1,1
201,1.0,1,0.777621,2,21.0,4,7,2319.0,0,1,1,0,0,2,33.0,2,0,0,2,0,0,0,0,1
202,0.0,0,0.00015975357,3,6.0,2,1,1236.0,2,2,1,0,3,1,50.0,2,0,0,2,0,0,0,1,1
203,1.0,0,0.00090055395,3,21.0,0,0,5003.0,4,2,0,0,3,1,29.0,0,1,1,2,0,1,0,0,0
204,0.0,1,0.9090062,3,12.0,2,4,886.0,4,2,3,0,1,2,21.0,2,1,0,2,0,0,0,0,0
205,1.0,1,0.74169236,0,24.0,2,0,1442.0,0,3,3,0,3,2,23.0,2,0,1,2,0,0,0,0,0
206,0.0,0,0.006717588,3,6.0,2,3,2978.0,2,2,0,0,1,2,32.0,2,1,0,2,0,1,0,1,1
207,1.0,0,0.48066214,0,24.0,2,3,2359.0,1,0,0,0,0,1,33.0,2,1,0,2,0,0,0,0,1
208,1.0,0,0.00019086285,0,24.0,2,3,2996.0,4,2,1,0,3,2,20.0,2,1,0,2,0,0,0,0,1
209,0.0,0,0.0043665348,3,18.0,4,3,3780.0,0,1,2,0,1,2,35.0,2,1,1,3,0,1,0,0,1
210,0.0,0,0.00041108223,3,27.0,2,6,5190.0,4,4,3,0,3,1,48.0,2,1,3,2,1,1,0,1,1
211,0.0,1,0.8780124,1,36.0,2,4,4795.0,0,1,3,0,0,3,30.0,2,1,0,3,0,1,0,0,0
212,1.0,0,0.046472915,0,12.0,1,0,697.0,0,1,3,0,1,2,46.0,0,1,1,2,0,1,0,1,1
213,1.0,1,0.9997048,3,18.0,0,9,4165.0,0,2,1,0,1,2,36.0,1,1,1,2,1,0,0,1,1
214,0.0,0,0.0013473025,0,14.0,2,0,3973.0,0,0,0,0,3,3,22.0,2,2,0,2,0,0,0,1,1
215,1.0,0,0.004322108,3,18.0,4,7,1864.0,1,2,3,0,1,0,30.0,2,1,1,2,0,0,0,0,0
216,0.0,0,0.008780507,2,6.0,4,7,1047.0,0,2,1,0,3,1,50.0,2,1,0,1,0,0,0,0,0
217,1.0,0,4.5944395e-07,3,18.0,2,4,433.0,0,0,2,1,3,0,22.0,2,0,0,2,0,0,0,0,0
218,0.0,0,0.004403891,1,36.0,2,7,3711.0,4,2,1,0,1,2,27.0,2,1,0,2,0,0,0,0,1
219,0.0,0,0.029365707,1,9.0,2,4,1206.0,0,4,3,0,3,0,25.0,2,1,0,2,0,0,0,0,0
220,0.0,0,0.002606095,3,6.0,2,3,1543.0,3,2,3,0,1,0,33.0,2,1,0,2,0,0,0,0,1
221,0.0,0,0.0032556031,3,4.0,4,0,3380.0,0,3,0,0,0,0,37.0,2,1,0,2,1,0,0,0,0
222,0.0,0,0.00019426206,2,24.0,2,4,1258.0,2,2,2,0,2,2,57.0,2,1,0,1,0,0,0,0,0
223,0.0,0,0.1103049,3,12.0,2,4,2073.0,1,2,3,1,1,0,28.0,2,1,0,2,0,0,0,0,0
224,0.0,0,0.4741234,0,21.0,2,4,2606.0,0,1,3,0,3,1,28.0,2,0,0,3,0,1,0,0,0
225,0.0,0,0.00034627193,3,12.0,4,7,2096.0,0,3,1,0,2,0,49.0,2,1,0,1,1,0,0,1,1
226,0.0,0,6.247213e-06,3,12.0,4,0,1255.0,0,4,3,0,3,0,61.0,2,1,1,1,0,0,0,1,1
227,0.0,0,7.501293e-05,3,9.0,2,5,1236.0,0,1,0,0,3,0,23.0,2,0,0,2,0,1,0,0,0
228,0.0,0,5.9571793e-08,3,24.0,2,4,1278.0,0,4,3,0,0,0,36.0,2,1,0,3,0,1,0,1,1
229,0.0,0,0.00213501,0,6.0,2,0,1374.0,4,0,3,0,2,1,75.0,2,1,0,3,0,1,0,0,0
230,0.0,0,0.00040894034,2,10.0,2,0,3949.0,0,1,0,2,0,1,37.0,2,1,0,1,1,0,0,1,1
231,0.0,0,0.00027357246,3,12.0,2,0,2390.0,4,4,3,0,2,2,50.0,2,1,0,2,0,1,0,1,1
232,0.0,0,0.0022804758,1,24.0,2,0,1201.0,0,1,3,0,0,1,26.0,2,1,0,2,0,0,0,1,1
233,0.0,0,0.011218402,3,15.0,4,3,2788.0,0,3,1,1,2,2,24.0,0,1,1,2,0,0,0,0,0
234,0.0,0,0.0002481371,3,12.0,4,9,1264.0,4,4,3,0,3,3,57.0,2,0,0,1,0,0,0,1,1
235,0.0,0,0.09829746,0,24.0,2,3,4020.0,0,2,1,0,1,2,27.0,1,1,0,2,0,0,0,1,1
236,0.0,0,0.0009959234,3,9.0,2,0,2507.0,2,4,1,0,3,3,51.0,2,2,0,1,0,0,0,1,1
237,1.0,0,0.00024110496,3,24.0,2,4,2397.0,2,4,2,0,1,2,35.0,0,1,1,2,0,1,0,1,1
238,1.0,0,0.05122514,1,27.0,2,9,3915.0,0,2,3,0,1,2,36.0,2,1,0,2,1,1,0,1,1
239,1.0,0,0.061737515,3,48.0,4,1,11590.0,1,2,1,0,3,2,24.0,0,0,1,1,0,0,0,0,0
240,0.0,0,0.01621255,0,42.0,2,3,7882.0,0,3,1,2,3,1,45.0,2,2,0,2,1,0,0,1,1
241,0.0,0,4.0231615e-05,3,12.0,4,0,1495.0,0,4,3,0,0,0,38.0,2,1,1,1,1,0,0,1,1
242,0.0,0,0.0027255425,3,24.0,2,0,2255.0,4,1,3,0,0,1,54.0,2,1,0,2,0,0,0,1,1
243,0.0,0,0.013753641,1,9.0,2,0,1549.0,4,1,3,0,1,0,35.0,2,1,0,0,0,0,0,1,1
244,0.0,0,1.854883e-05,3,30.0,2,1,4811.0,4,3,1,0,3,1,24.0,1,0,0,1,0,0,0,0,0
245,0.0,0,0.02365681,1,14.0,2,9,1410.0,2,4,0,0,1,0,35.0,2,1,0,2,0,1,0,0,1
246,0.0,0,0.06629919,3,5.0,2,9,3448.0,0,3,0,0,3,0,74.0,2,1,0,1,0,0,0,1,1
247,0.0,0,0.05993482,1,11.0,3,4,4771.0,0,3,1,0,3,1,51.0,2,1,0,2,0,0,0,1,1
248,0.0,0,0.00052242173,0,10.0,2,4,2315.0,0,4,2,0,3,0,52.0,2,1,0,1,0,0,0,1,1
249,0.0,1,0.9999256,0,48.0,2,1,4788.0,0,3,3,0,2,1,26.0,2,1,0,2,1,0,0,1,1
250,0.0,0,0.01697042,3,18.0,2,9,1568.0,1,2,2,0,3,1,24.0,2,0,0,1,0,0,0,0,0
251,0.0,0,0.030895086,3,15.0,1,4,1569.0,1,4,3,0,3,2,34.0,0,1,0,1,1,0,0,1,1
252,1.0,0,0.104563326,0,40.0,4,7,5998.0,0,2,3,0,2,3,27.0,0,1,0,2,0,1,0,1,1
253,0.0,0,8.73521e-05,3,18.0,4,4,1169.0,4,2,3,0,2,1,29.0,2,1,1,2,0,1,0,1,1
254,1.0,0,0.0003337576,1,12.0,2,0,1223.0,0,4,0,0,0,0,46.0,2,0,1,2,0,0,0,0,1
255,0.0,0,3.848097e-06,0,18.0,2,3,2659.0,3,2,3,0,1,2,28.0,2,1,0,2,0,0,0,1,1
256,0.0,0,0.037034396,3,6.0,4,4,700.0,4,4,3,0,3,3,36.0,2,2,1,2,0,0,0,1,1
257,0.0,0,0.0032768613,3,10.0,2,1,2848.0,1,2,0,1,1,0,32.0,2,1,0,2,1,0,0,1,1
258,1.0,0,0.10191105,0,9.0,2,4,1366.0,0,1,2,0,3,1,22.0,2,0,0,2,0,0,0,0,0
259,0.0,0,0.0060224943,3,36.0,2,7,9055.0,4,2,1,0,3,3,35.0,2,2,0,1,1,1,0,1,1
260,1.0,0,0.066764005,0,24.0,2,4,1987.0,0,2,1,0,3,0,21.0,2,0,0,1,1,0,0,1,1
261,0.0,0,0.018601635,0,24.0,2,1,2924.0,0,2,2,2,3,3,63.0,0,1,0,2,1,1,0,1,1
262,0.0,0,0.0014411755,1,18.0,2,9,2622.0,1,2,3,0,3,2,34.0,2,1,0,2,0,0,0,1,1
263,0.0,0,7.684712e-05,3,36.0,4,9,6304.0,4,4,3,0,3,0,36.0,2,1,1,2,0,0,0,1,1
264,1.0,0,0.10527778,3,36.0,3,4,4463.0,0,2,3,0,1,2,26.0,2,1,1,3,0,1,0,1,1
265,0.0,0,0.01573923,3,36.0,2,9,7409.0,4,4,2,0,1,1,37.0,2,1,1,2,0,0,0,1,1
266,0.0,0,2.7108517e-06,3,24.0,3,0,717.0,4,4,3,0,3,2,54.0,2,1,1,2,0,1,0,0,1
267,0.0,0,3.3452478e-05,0,20.0,2,3,2212.0,4,3,3,0,3,2,39.0,2,1,0,2,0,1,0,1,1
268,1.0,0,0.33975083,0,18.0,1,3,1553.0,0,2,3,0,2,2,44.0,0,1,0,2,0,0,0,1,1
269,1.0,1,0.9669589,1,18.0,2,1,12976.0,0,0,2,0,3,3,38.0,2,2,0,3,0,1,0,0,0
270,0.0,0,0.0015799551,3,12.0,4,4,1934.0,0,4,1,0,1,3,26.0,2,1,1,2,0,0,0,1,1
271,1.0,0,0.03958546,0,33.0,4,3,4281.0,2,2,0,0,3,2,23.0,2,1,1,2,0,0,0,0,0
272,1.0,0,0.43012282,0,16.0,4,0,2625.0,0,4,1,2,3,1,43.0,0,0,0,2,0,1,0,1,1
273,0.0,0,0.021929627,0,6.0,4,0,666.0,3,3,2,0,3,0,39.0,2,1,1,1,0,1,0,0,0
274,0.0,0,0.0003849407,3,24.0,2,1,3488.0,1,3,2,0,3,2,23.0,2,1,0,2,0,0,0,0,0
275,1.0,0,0.02764677,1,30.0,4,0,5234.0,0,0,3,0,1,2,28.0,2,1,1,3,0,0,0,0,1
276,0.0,0,0.01027107,3,6.0,4,4,1382.0,0,2,0,0,0,2,28.0,2,1,1,2,0,1,0,0,0
277,1.0,0,0.00018942569,3,36.0,2,3,3349.0,0,2,3,0,1,2,28.0,2,1,0,3,0,1,0,0,0
278,0.0,0,0.00022920624,3,15.0,2,4,1213.0,2,4,3,0,2,1,47.0,1,1,0,2,0,1,0,1,1
279,1.0,1,0.969893,1,12.0,2,0,836.0,1,1,3,0,1,1,23.0,0,1,0,1,0,0,0,0,0
280,0.0,0,0.0014612664,0,12.0,2,3,1289.0,0,2,3,2,0,1,21.0,2,1,0,1,0,0,0,1,1
281,0.0,0,0.0007489424,3,12.0,4,3,1258.0,0,1,1,0,3,1,22.0,2,0,1,1,0,0,0,0,0
282,0.0,0,0.00040082636,0,30.0,2,4,2522.0,0,4,0,2,2,1,39.0,2,1,0,2,1,0,0,1,1
283,0.0,0,9.269434e-08,3,12.0,2,9,1076.0,0,2,1,0,1,0,26.0,2,1,0,2,0,1,1,0,1
284,0.0,0,0.00028222558,3,36.0,2,4,3835.0,4,4,1,0,3,0,45.0,2,1,0,1,0,1,0,0,0
285,0.0,0,0.42054686,3,18.0,2,4,1505.0,0,2,3,0,1,3,32.0,2,2,0,3,0,1,0,1,1
286,1.0,1,0.99989665,0,30.0,2,3,2406.0,0,3,3,0,3,0,23.0,2,0,0,2,0,0,0,0,0
287,1.0,0,0.0012001998,1,15.0,3,6,1512.0,3,2,2,0,2,1,61.0,1,1,1,2,0,0,0,0,1
288,1.0,0,0.06586836,0,12.0,2,3,7865.0,0,4,3,0,3,3,53.0,2,2,0,3,0,1,0,1,1
289,0.0,0,0.036337614,1,18.0,4,9,3590.0,0,0,2,0,2,2,40.0,2,1,2,0,1,1,0,0,1
290,1.0,0,0.048922088,0,24.0,1,3,3349.0,2,1,3,0,3,3,30.0,2,2,0,2,1,1,0,1,1
291,1.0,0,0.021013353,0,18.0,2,1,7511.0,4,4,0,0,3,1,51.0,2,2,0,2,1,1,0,1,1
292,0.0,0,0.28171602,0,36.0,2,1,5493.0,0,4,1,0,3,3,42.0,2,2,0,2,1,0,0,1,1
293,0.0,0,0.07545291,3,18.0,2,9,1950.0,0,3,3,0,0,2,34.0,1,1,1,2,0,1,0,1,1
294,0.0,0,0.25733516,2,12.0,3,0,2247.0,0,2,1,0,1,2,36.0,1,1,1,2,0,1,0,0,0
295,0.0,0,0.0053670923,3,33.0,3,9,2764.0,0,2,1,0,1,2,26.0,2,1,1,2,0,1,0,0,0
296,1.0,0,0.3230258,1,30.0,3,4,1919.0,1,1,3,0,2,3,30.0,1,1,1,3,0,0,0,1,1
297,0.0,0,0.092197016,3,9.0,2,3,1313.0,0,4,0,0,3,2,20.0,2,1,0,2,0,0,0,1,1
298,0.0,0,0.236274,1,36.0,2,1,6948.0,0,2,1,0,1,2,35.0,2,0,0,3,0,1,0,1,1
299,1.0,1,0.5690949,0,12.0,2,3,1282.0,0,2,1,0,3,2,20.0,2,0,0,2,0,0,0,0,0
